use rolex_database;

ALTER TABLE `rolex_database`.`product` 
CHANGE COLUMN `product_status` `product_status` BIT(1) NOT NULL DEFAULT 0 ;

INSERT INTO `category` (`category_id`, `category_name`, `descriptions`,images, `title`,images2) VALUES ('1', 'Rolex DateJust', 'Bất kỳ ngày nào cũng có thể để lại dấu ấn lâu dài trong cuộc đời chúng ta và tạo tiền đề cho những khát vọng mới. Kể từ khi được tạo ra vào năm 1945, Datejust đã tiếp tục tự đổi mới đồng thời là biểu tượng cho định nghĩa về sự thanh lịch cổ điển của Rolex. Một cột mốc quan trọng trong lịch sử chế tạo đồng hồ, đây là chiếc đồng hồ đeo tay chống thấm nước tự lên dây đầu tiên có cửa sổ hiển thị ngày. Được phóng đại bởi ống kính Cyclops, những con số này là lời nhắc nhở rằng mặc dù 24 giờ đánh dấu một ngày, nhưng chúng ta phải biến những ngày đó thành một ngày đáng nhớ.','https://rolex.dafc.com.vn/wp-content/uploads/2023/04/m126234-0051_collection_upright_landscape-1.jpg.webp', 'Nổi Bật Với Khả Năng Hiển Thị Ngày','https://rolex.dafc.com.vn/wp-content/uploads/rolex-watches/family-datejust.jpg');
INSERT INTO `category` (`category_id`, `category_name`, `descriptions`,images, `title`,images2) VALUES ('2', 'Rolex Cosmograph Daytona', 'Phong cách biểu tượng và hiệu suất vượt trội của Oyster Perpetual Cosmograph Daytona đã củng cố vị thế mang tính biểu tượng của nó vượt xa các đường đua mô tô.\n\nĐể đánh dấu kỷ niệm 60 năm của chiếc đồng hồ, Rolex đảm bảo huyền thoại sẽ tiếp tục tồn tại bằng cách xem lại toàn bộ dòng sản phẩm, thông qua quá trình gia công lại với độ chính xác cao liên quan đến vỏ, mặt cũng như bộ máy. Vô số điều chỉnh và phát triển là lời nhắc nhở rằng việc theo đuổi sự xuất sắc là một cuộc đua không có vạch đích.','https://rolex.dafc.com.vn/wp-content/uploads/2023/04/m126506-0001_collection_upright_landscape-1.jpg.webp', 'Một Biểu Tượng Trường Tồn Với Thời Gian','https://rolex.dafc.com.vn/wp-content/uploads/2023/04/family-daytona-1-scaled.jpg');
INSERT INTO `category` (`category_id`, `category_name`, `descriptions`,images, `title`,images2) VALUES ('3', 'Rolex Day-Date', 'Oyster Perpetual Day-Date 36 mới chào đón mặt số làm bằng đá trang trí với tông màu lung linh gợi lên bầu không khí của bờ biển Địa Trung Hải. Đá aventurine màu xanh lá cây, carnelian và ngọc lam được kết hợp với đồng hồ lần lượt bằng vàng Everose 18 ct, vàng vàng và vàng trắng.\n\nĐể thể hiện chuyên môn chế tạo mặt số của Rolex, đồng hồ Day-Date 36 mới cũng là minh chứng cho sự tinh thông hoàn hảo của thương hiệu trong nghệ thuật đính đá quý. Sự kết hợp giữa đá, đá quý và kim loại quý đặc biệt này nhấn mạnh sự khác biệt và sang trọng của chiếc đồng hồ danh giá này.','https://rolex.dafc.com.vn/wp-content/uploads/2023/04/m228236-0012_collection_upright_landscape-1.jpg.webp', 'Mỗi Mặt Đồng Hồ Là Một Khám Phá','https://rolex.dafc.com.vn/wp-content/uploads/2023/05/family-daydate-scaled.jpg');
INSERT INTO`category` (`category_id`, `category_name`, `descriptions`,images, `title`,images2) VALUES ('4', 'Rolex GMT Master II', 'Cho phép người đeo theo dõi tiến trình thời gian ở múi giờ khác, GMT-Master II nêu bật mối liên hệ của chúng ta với thế giới. Hiện có hai phiên bản mới – Rolesor vàng và vàng 18 ct – với vành đồng hồ Cerachrom bằng gốm màu xám và đen, một sự kết hợp màu hoàn toàn mới.\n\nTay nghề thủ công mẫu mực được thể hiện bằng sự lựa chọn vật liệu và độ chính xác của quá trình hoàn thiện, kết hợp với nhau để thể hiện chiếc đồng hồ dưới ánh sáng đẹp nhất. Sự tương phản hài hòa giữa màu vàng lấp lánh của dây đeo Jubilee và viền hai màu với tông màu tối, trầm gợi lên đường đi của mặt trời và sự luân phiên của ngày và đêm.','https://rolex.dafc.com.vn/wp-content/uploads/2023/04/m126713grnr-0001_collection_upright_landscape-1.jpg', 'Làm Nổi Bật Kết Nối Của Chúng Tôi Với Thế Giới','https://rolex.dafc.com.vn/wp-content/uploads/rolex-watches/family-gmt-master-II.jpg');
INSERT INTO `category` (`category_id`, `category_name`, `descriptions`,images, `title`,images2) VALUES ('5', 'Rolex Oyster Perpetual', 'Sống động với màu sắc, sức sống và sự tích cực, các mặt số mới của Oyster Perpetual 31, Oyster Perpetual 36 và Oyster Perpetual 41 được điểm xuyết bằng những bong bóng nhiều màu sắc vui tươi tái hợp năm màu sắc được giới thiệu cho dòng sản phẩm này vào năm 2020.\n\nThiết kế sủi bọt, hưng phấn này là sản phẩm của nghệ thuật và kỹ thuật bậc thầy. Việc trang trí mặt số được thực hiện trong môi trường được kiểm soát chặt chẽ để ngăn chặn mọi ô nhiễm từ bụi và đòi hỏi độ chính xác tối đa ở mọi giai đoạn để tạo ra màu sắc tuyệt vời.','https://rolex.dafc.com.vn/wp-content/uploads/2023/04/m124300-0001_collection_upright_landscape-1.jpg.webp', 'Họa Tiết Bong Bóng Tinh Tế','https://rolex.dafc.com.vn/wp-content/uploads/rolex-watches/family-oyster-perpetual.jpg');
INSERT INTO `category` (`category_id`, `category_name`, `descriptions`,images, `title`,images2) VALUES ('6', 'Rolex Submariner', 'Ra mắt vào năm 1953, Rolex Submariner là đồng hồ đeo tay dành cho thợ lặn đầu tiên có khả năng chống thấm nước ở độ sâu 100 mét (330 feet) – hiện nay là 300 mét (1.000 feet). Các tính năng chính của nó, chẳng hạn như đai kính xoay có chia độ, màn hình phát quang, kim lớn và vạch chỉ giờ, là động lực tạo ra dòng đồng hồ lặn dài của Rolex sau này.\n\nSubmariner là chiếc đồng hồ mang tính biểu tượng mà danh tiếng của nó giờ đây đã vượt ra ngoài giới chuyên môn mà nó được thiết kế lần đầu tiên. Submariner, tiêu chuẩn tối thượng.','https://rolex.dafc.com.vn/wp-content/uploads/2023/04/m124060-0001_collection_upright_landscape-1.jpg.webp', 'Niềm Tin Chinh Phục Vùng Nước Sâu','https://rolex.dafc.com.vn/wp-content/uploads/rolex-watches/family-submariner.jpg');
INSERT INTO `category` (`category_id`, `category_name`, `descriptions`,images, `title`,images2) VALUES ('7', 'Rolex Sea Dweller', 'Biểu tượng cho lịch sử chung lâu dài giữa Rolex và những nhà thám hiểm biển sâu, các mẫu Sea-Dweller, Rolex Deepsea và Deepsea Challenge là những chiếc đồng hồ dành cho thợ lặn chuyên nghiệp có độ bền siêu cao. Sea-Dweller, ra mắt năm 1967, có khả năng chống nước ở độ sâu 1.220 mét (4.000 feet) – ban đầu là 610 mét (2.000 feet). Rolex Deepsea, ra mắt năm 2008, chịu được áp lực ở độ sâu 3900 mét (12.800 feet) và Deepsea Challenge, được trình làng vào năm 2022, có thể đạt tới độ sâu 11.000 mét (36.090 feet).','https://rolex.dafc.com.vn/wp-content/uploads/2023/04/m126603-0001_collection_upright_landscape-1.jpg.webp', 'Vững Vàng Chống Chịu Áp Lực','https://rolex.dafc.com.vn/wp-content/uploads/rolex-watches/family-sea-dweller.jpg');
INSERT INTO`category` (`category_id`, `category_name`, `descriptions`,images, `title`,images2) VALUES ('8', 'Rolex 1908', 'Thanh lịch, cổ điển và đương đại, Perpetual 1908 thể hiện tinh thần táo bạo lâu đời của Rolex. Kế thừa những quy tắc lịch sử của thương hiệu cũng như vô số cải tiến trong chế tạo đồng hồ, chiếc đồng hồ này đánh dấu một cột mốc mới trong việc theo đuổi sự xuất sắc của thương hiệu. Ý tưởng và sáng tạo mẫu mới này chứng tỏ chuyên môn nội bộ toàn diện của Nhà sản xuất.\n\nLấy cảm hứng từ chiếc Oyster Perpetual từ năm 1931, chiếc đồng hồ hoàn toàn mới này đáp ứng thách thức về một chiếc đồng hồ mỏng hơn theo tiêu chuẩn Rolex và báo trước sự xuất hiện của bộ sưu tập Perpetual, bộ sưu tập định nghĩa lại đồng hồ đeo tay truyền thống theo tinh thần tiên phong của thương hiệu. Cái tên ‘1908’ ám chỉ ngày nhãn hiệu ‘Rolex’ được đăng ký chính thức tại Thụy Sĩ.\n\nHứa hẹn hiệu suất vượt trội, chiếc 1908 đã tạo dựng được một vị trí cho riêng mình như một chiếc Rolex thấm nhuần truyền thống nhưng vẫn toát lên vẻ hiện đại.','https://rolex.dafc.com.vn/wp-content/uploads/2023/04/m52508-0006_collection_upright_landscape-1.jpg.webp', 'Diện Mạo Mới Của Sự Xuất Sắc','https://rolex.dafc.com.vn/wp-content/uploads/rolex-watches/family-1908.jpg');
INSERT INTO `category` (`category_id`, `category_name`, `descriptions`,images, `title`,images2) VALUES ('9', 'Rolex Sky Dweller', 'Với hai múi giờ và lịch hàng năm, Sky-Dweller là người bạn đồng hành thanh lịch và đáng tin cậy của du khách thế giới. Dòng sản phẩm này đã được cập nhật với nhiều cải tiến chứng minh rằng, đối với Rolex, sự xuất sắc được thể hiện ngay cả trong những chi tiết nhỏ nhất.\n\nCác chi tiết trang trí mang tính thẩm mỹ được giới thiệu cùng với các phiên bản mới tham gia vào dòng sản phẩm này. Và đồng hồ chứng kiến sự phát triển về mặt kỹ thuật với sự ra đời của bộ chuyển động được trang bị những tiến bộ mới nhất trong công nghệ Rolex.','https://rolex.dafc.com.vn/wp-content/uploads/2023/04/m336239-0002_collection_upright_landscape-1.jpg.webp', 'Tân Tiến Và Hơn Thế Nữa','https://rolex.dafc.com.vn/wp-content/uploads/2023/05/family-sky-dweller-scaled.jpg');
INSERT INTO`category` (`category_id`, `category_name`, `descriptions`,images, `title`,images2) VALUES ('10', 'Rolex Yatch Master', 'Nhẹ và mạnh mẽ, Oyster Perpetual Yacht-Master 42 mới bằng titan RLX là đồng minh của những người tìm kiếm sự tự do di chuyển. Đặc biệt phù hợp với nhu cầu và áp lực của môn đua thuyền cạnh tranh, nó đặt chất lượng chế tạo đồng hồ xuất sắc phục vụ cho hoạt động thể thao.\n\nYacht-Master 42 là chiếc đồng hồ thứ hai bằng titan RLX được Rolex phát hành sau Cuộc thi Oyster Perpetual Deepsea Challenge, xác nhận rằng độ nhẹ là một phẩm chất cần được coi trọng.','https://rolex.dafc.com.vn/wp-content/uploads/2023/04/m226627-0001_collection_upright_landscape-1.jpg.webp', 'Làm chủ sự nhẹ nhàng, thanh thoát','https://rolex.dafc.com.vn/wp-content/uploads/2023/05/family-yacht-master-scaled.jpg');


INSERT INTO `type_product` (`type_id`, `type_name`) VALUES ('1', 'Nam');
INSERT INTO `type_product` (`type_id`, `type_name`) VALUES ('2', 'Nữ');


INSERT INTO `rolex_database`.`product` (`product_id`, `material`, `date_at`, `designs`, `price`, `product_code`, `product_name`, `quantity`, `size`, `category_id`, `type_id`,img) VALUES ('1', 'vàng trắng', '2023-08-31', 'Oyster', '22197750', 'D10321', 'DATEJUST 36', '3', '36', '1', '2','https://rolex.dafc.com.vn/wp-content/uploads/2023/05/m126234-0051_collection_upright_landscape.png');
INSERT INTO `rolex_database`.`product` (`product_id`, `material`, `date_at`, `designs`, `price`, `product_code`, `product_name`, `quantity`, `size`, `category_id`, `type_id`,img) VALUES ('2', 'vàng Everose', '2023-08-31', 'Oyster', '31386800', 'D10312', 'DATEJUST 36', '3', '36', '1', '2','https://rolex.dafc.com.vn/wp-content/uploads/2023/05/m126231-0044_collection_upright_landscape.png');
INSERT INTO `rolex_database`.`product` (`product_id`, `material`, `date_at`, `designs`, `price`, `product_code`, `product_name`, `quantity`, `size`, `category_id`, `type_id`,img) VALUES ('3', 'vàng trắng', '2023-08-31', 'Oyster', '25592700', 'M278274', 'DATEJUST 31', '3', '31', '1', '2','https://rolex.dafc.com.vn/wp-content/uploads/2023/05/m278274-0035_collection_upright_landscape.png');
INSERT INTO `rolex_database`.`product` (`product_id`, `material`, `date_at`, `designs`, `price`, `product_code`, `product_name`, `quantity`, `size`, `category_id`, `type_id`,img) VALUES ('4', 'thép Oystersteel và trắng', '2023-08-31', 'Oyster', '17497050', 'M278240', 'DATEJUST 31', '3', '31', '1', '2','https://rolex.dafc.com.vn/wp-content/uploads/2023/05/m278240-0005_collection_upright_landscape.png');
INSERT INTO `rolex_database`.`product` (`product_id`, `material`, `date_at`, `designs`, `price`, `product_code`, `product_name`, `quantity`, `size`, `category_id`, `type_id`,img) VALUES ('5', 'vàng trắng', '2023-08-31', 'Oyster', '34578700', 'M731331', 'DATEJUST 38', '3', '38', '1', '1','https://rolex.dafc.com.vn/wp-content/uploads/2023/05/m126334-0023_collection_upright_landscape.png');
INSERT INTO `rolex_database`.`product` (`product_id`, `material`, `date_at`, `designs`, `price`, `product_code`, `product_name`, `quantity`, `size`, `category_id`, `type_id`,img) VALUES ('6', 'vàng vàng', '2023-08-31', 'Oyster', '23945000', 'M126303', 'DATEJUST 41', '3', '41', '1', '1','https://rolex.dafc.com.vn/wp-content/uploads/2023/05/m126334-0006_collection_upright_landscape.png');
INSERT INTO `rolex_database`.`product` (`product_id`, `material`, `date_at`, `designs`, `price`, `product_code`, `product_name`, `quantity`, `size`, `category_id`, `type_id`,img) VALUES ('7', 'vàng và kim cương', '2023-08-31', 'Oyster', '41329000', 'M791231', 'DATEJUST 40', '3', '40', '1', '1','https://rolex.dafc.com.vn/wp-content/uploads/2023/05/m126283rbr-0012_collection_upright_landscape.png');
INSERT INTO `rolex_database`.`product` (`product_id`, `material`, `date_at`, `designs`, `price`, `product_code`, `product_name`, `quantity`, `size`, `category_id`, `type_id`,img) VALUES ('8', 'vàng và kim cương', '2023-08-31', 'Oyster', '49822000', 'M039172', 'DATEJUST 39', '3', '39', '1', '1','https://rolex.dafc.com.vn/wp-content/uploads/2023/05/m126284rbr-0011_collection_upright_landscape.png');

INSERT INTO `rolex_database`.`product` (`product_id`, `material`, `date_at`, `designs`, `price`, `product_code`, `product_name`, `quantity`, `size`, `category_id`, `type_id`,img) VALUES ('9', 'bạch kim', '2023-08-31', 'Oyster', '49474150', 'm126503', 'COSMOGRAPH DAYTONA', '3', '40', '2', '1','https://rolex.dafc.com.vn/wp-content/uploads/2023/05/m126506-0001_collection_upright_landscape.png');
INSERT INTO `rolex_database`.`product` (`product_id`, `material`, `date_at`, `designs`, `price`, `product_code`, `product_name`, `quantity`, `size`, `category_id`, `type_id`,img) VALUES ('10', 'vàng kim', '2023-08-31', 'Oyster', '48573900', 'm126504', 'COSMOGRAPH DAYTONA', '3', '40', '2', '1','https://rolex.dafc.com.vn/wp-content/uploads/2023/05/m126503-0004_collection_upright_landscape.png');
INSERT INTO `rolex_database`.`product` (`product_id`, `material`, `date_at`, `designs`, `price`, `product_code`, `product_name`, `quantity`, `size`, `category_id`, `type_id`,img) VALUES ('11', 'vàng Everose', '2023-08-31', 'Oyster', '105765750', 'm126505', 'COSMOGRAPH DAYTONA', '3', '40', '2', '1','https://rolex.dafc.com.vn/wp-content/uploads/2023/05/m126505-0001_collection_upright_landscape.png');
INSERT INTO `rolex_database`.`product` (`product_id`, `material`, `date_at`, `designs`, `price`, `product_code`, `product_name`, `quantity`, `size`, `category_id`, `type_id`,img) VALUES ('12', 'bạch kim', '2023-08-31', 'Oyster', '77497050', 'm126506', 'COSMOGRAPH DAYTONA', '3', '40', '2', '1','https://rolex.dafc.com.vn/wp-content/uploads/2023/05/m126506-0002_collection_upright_landscape.png');
INSERT INTO `rolex_database`.`product` (`product_id`, `material`, `date_at`, `designs`, `price`, `product_code`, `product_name`, `quantity`, `size`, `category_id`, `type_id`,img) VALUES ('13', 'vàng Everose', '2023-08-31', 'Oyster', '110727600', 'm126509', 'COSMOGRAPH DAYTONA', '3', '40', '2', '1','https://rolex.dafc.com.vn/wp-content/uploads/2023/05/m126505-0002_collection_upright_landscape.png');
INSERT INTO `rolex_database`.`product` (`product_id`, `material`, `date_at`, `designs`, `price`, `product_code`, `product_name`, `quantity`, `size`, `category_id`, `type_id`,img) VALUES ('14', 'vàng trắng', '2023-08-31', 'Oyster', '79911900', 'm126515ln', 'COSMOGRAPH DAYTONA', '3', '41', '2', '1','https://rolex.dafc.com.vn/wp-content/uploads/2023/05/m126519ln-0006_collection_upright_landscape.png');
INSERT INTO `rolex_database`.`product` (`product_id`, `material`, `date_at`, `designs`, `price`, `product_code`, `product_name`, `quantity`, `size`, `category_id`, `type_id`,img) VALUES ('15', 'vàng kim', '2023-08-31', 'Oyster', '103415400', 'M791231', 'COSMOGRAPH DAYTONA', '3', '40', '2', '1','https://rolex.dafc.com.vn/wp-content/uploads/2023/05/m126508-0003_collection_upright_landscape.png');
INSERT INTO `rolex_database`.`product` (`product_id`, `material`, `date_at`, `designs`, `price`, `product_code`, `product_name`, `quantity`, `size`, `category_id`, `type_id`,img) VALUES ('16', 'vàng kim', '2023-08-31', 'Oyster', '76255800', 'm126518ln', 'COSMOGRAPH DAYTONA', '3', '40', '2', '1','https://rolex.dafc.com.vn/wp-content/uploads/2023/05/m126518ln-0012_collection_upright_landscape.png');
INSERT INTO `rolex_database`.`product` (`product_id`, `material`, `date_at`, `designs`, `price`, `product_code`, `product_name`, `quantity`, `size`, `category_id`, `type_id`,img) VALUES ('17', 'vàng Everose', '2023-08-31', 'Oyster', '79911900', 'm126519ln', 'COSMOGRAPH DAYTONA', '3', '40', '2', '1','https://rolex.dafc.com.vn/wp-content/uploads/2023/05/m126515ln-0006_collection_upright_landscape.png');


INSERT INTO `rolex_database`.`product` (`product_id`, `material`, `date_at`, `designs`, `price`, `product_code`, `product_name`, `quantity`, `size`, `category_id`, `type_id`,img) VALUES ('18', 'thép Oystersteel và bạch kim', '2023-08-31', 'Oyster', '59474150', 'm228236', 'DAY-DATE 40', '3', '40 ', '3', '1','https://rolex.dafc.com.vn/wp-content/uploads/2023/05/m228236-0012_collection_upright_landscape.png');
INSERT INTO `rolex_database`.`product` (`product_id`, `material`, `date_at`, `designs`, `price`, `product_code`, `product_name`, `quantity`, `size`, `category_id`, `type_id`,img) VALUES ('19', 'vàng và kim cương', '2023-08-31', 'Oyster', '78573900', 'm128348rbr', 'DAY-DATE 36', '3', '36', '3', '2','https://rolex.dafc.com.vn/wp-content/uploads/2023/05/m128348rbr-0049_collection_upright_landscape.png');
INSERT INTO `rolex_database`.`product` (`product_id`, `material`, `date_at`, `designs`, `price`, `product_code`, `product_name`, `quantity`, `size`, `category_id`, `type_id`,img) VALUES ('20', 'vàng Everose và kim cương', '2023-08-31', 'Oyster', '55765750', 'm128345rbr', 'DAY-DATE 36', '3', '36', '3', '2','https://rolex.dafc.com.vn/wp-content/uploads/2023/05/m128345rbr-0068_collection_upright_landscape.png');
INSERT INTO `rolex_database`.`product` (`product_id`, `material`, `date_at`, `designs`, `price`, `product_code`, `product_name`, `quantity`, `size`, `category_id`, `type_id`,img) VALUES ('21', 'vàng trắng và kim cương', '2023-08-31', 'Oyster ', '87497050', 'm128349rbr', 'DAY-DATE 36', '3', '36', '3', '2','https://rolex.dafc.com.vn/wp-content/uploads/2023/05/m128349rbr-0031_collection_upright_landscape.png');
INSERT INTO `rolex_database`.`product` (`product_id`, `material`, `date_at`, `designs`, `price`, `product_code`, `product_name`, `quantity`, `size`, `category_id`, `type_id`,img) VALUES ('22', 'vàng trắng', '2023-08-31', 'Oyster', '91236300', 'm128239', 'DAY-DATE 36', '3', '36', '3', '2','https://rolex.dafc.com.vn/wp-content/uploads/2023/05/m128239-0005_collection_upright_landscape.png');
INSERT INTO `rolex_database`.`product` (`product_id`, `material`, `date_at`, `designs`, `price`, `product_code`, `product_name`, `quantity`, `size`, `category_id`, `type_id`,img) VALUES ('23', 'vàng kim và kim cương', '2023-08-31', 'Oyster', '94536300', 'm228348rbr', 'DAY-DATE 40', '3', '40', '3', '1','https://rolex.dafc.com.vn/wp-content/uploads/2023/05/m228348rbr-0002_collection_upright_landscape.png');
INSERT INTO `rolex_database`.`product` (`product_id`, `material`, `date_at`, `designs`, `price`, `product_code`, `product_name`, `quantity`, `size`, `category_id`, `type_id`,img) VALUES ('24', 'vàng trắng', '2023-08-31', 'Oyster', '103415400 ', 'm228239', 'DAY-DATE 40', '3', '40', '3', '1','https://rolex.dafc.com.vn/wp-content/uploads/2023/05/m228239-0007_collection_upright_landscape.png');
INSERT INTO `rolex_database`.`product` (`product_id`, `material`, `date_at`, `designs`, `price`, `product_code`, `product_name`, `quantity`, `size`, `category_id`, `type_id`,img) VALUES ('25', 'vàng và kim cương', '2023-08-31', 'Oyster', '76255800', 'm126518ln', 'DAY-DATE 40', '3', '40', '3', '1','https://rolex.dafc.com.vn/wp-content/uploads/2023/05/m228349rbr-0003_collection_upright_landscape.png');
INSERT INTO `rolex_database`.`product` (`product_id`, `material`, `date_at`, `designs`, `price`, `product_code`, `product_name`, `quantity`, `size`, `category_id`, `type_id`,img) VALUES ('26', 'vàng kim', '2023-08-31', 'Oyster', '99911900', 'm228349rbr', 'DAY-DATE 40', '3', '40', '3', '1','https://rolex.dafc.com.vn/wp-content/uploads/2023/05/m228238-0061_collection_upright_landscape.png');
INSERT INTO `rolex_database`.`product` (`product_id`, `material`, `date_at`, `designs`, `price`, `product_code`, `product_name`, `quantity`, `size`, `category_id`, `type_id`,img) VALUES ('27', 'vàng trắng và kim cương', '2023-08-31', 'Oyster', '66255800', 'm126518ln', 'DAY-DATE 36', '3', '36', '3', '2','https://rolex.dafc.com.vn/wp-content/uploads/2023/05/m128349rbr-0008_collection_upright_landscape.png');
INSERT INTO `rolex_database`.`product` (`product_id`, `material`, `date_at`, `designs`, `price`, `product_code`, `product_name`, `quantity`, `size`, `category_id`, `type_id`,img) VALUES ('28', 'vàng trắng', '2023-08-31', 'Oyster', '122479300', 'm228238', 'DAY-DATE 40', '3', '40', '3', '1','https://rolex.dafc.com.vn/wp-content/uploads/2023/05/m228238-0059_collection_upright_landscape.png');

INSERT INTO `rolex_database`.`product` (`product_id`, `material`, `date_at`, `designs`, `price`, `product_code`, `product_name`, `quantity`, `size`, `category_id`, `type_id`,img) VALUES ('29', 'thép Oystersteel và vàng kim', '2023-08-31', 'Oyster', '41000550', 'm126713grnr', 'GMT-MASTER II', '3', '40', '4', '1','https://rolex.dafc.com.vn/wp-content/uploads/2023/05/m126713grnr-0001_collection_upright_landscape.png');
INSERT INTO `rolex_database`.`product` (`product_id`, `material`, `date_at`, `designs`, `price`, `product_code`, `product_name`, `quantity`, `size`, `category_id`, `type_id`,img) VALUES ('30', 'thép Oystersteel và vàng kim', '2023-08-31', 'Oyster', '96886650 ', 'm128349rbr', 'GMT-MASTER II', '3', '40', '4', '1','https://rolex.dafc.com.vn/wp-content/uploads/2023/05/m126718grnr-0001_collection_upright_landscape.png');
INSERT INTO `rolex_database`.`product` (`product_id`, `material`, `date_at`, `designs`, `price`, `product_code`, `product_name`, `quantity`, `size`, `category_id`, `type_id`,img) VALUES ('31', 'vàng trắng', '2023-08-31', 'Oyster', '101065050 ', 'm126719blro', 'GMT-MASTER II', '3', '40', '4', '1','https://rolex.dafc.com.vn/wp-content/uploads/2023/05/m126719blro-0003_collection_upright_landscape.png');
INSERT INTO `rolex_database`.`product` (`product_id`, `material`, `date_at`, `designs`, `price`, `product_code`, `product_name`, `quantity`, `size`, `category_id`, `type_id`,img) VALUES ('32', 'vàng trắng', '2023-08-31', 'Oyster', '27943050', 'm126720vtnr', 'GMT-MASTER II', '3', '40', '4', '1','https://rolex.dafc.com.vn/wp-content/uploads/2023/05/m126720vtnr-0001_collection_upright_landscape.png');
INSERT INTO `rolex_database`.`product` (`product_id`, `material`, `date_at`, `designs`, `price`, `product_code`, `product_name`, `quantity`, `size`, `category_id`, `type_id`,img) VALUES ('33', 'vàng trắng', '2023-08-31', 'Oyster', '106810350  ', 'm126719blri', 'GMT-MASTER II', '3', '40', '4', '1','https://rolex.dafc.com.vn/wp-content/uploads/2023/05/m126719blro-0002_collection_upright_landscape.png');
INSERT INTO `rolex_database`.`product` (`product_id`, `material`, `date_at`, `designs`, `price`, `product_code`, `product_name`, `quantity`, `size`, `category_id`, `type_id`,img) VALUES ('34', 'vàng Everose', '2023-08-31', 'Oyster', '40217100', 'm126711chnr', 'GMT-MASTER II', '3', '40', '4', '1','https://rolex.dafc.com.vn/wp-content/uploads/2023/05/m126711chnr-0002_collection_upright_landscape.png');
INSERT INTO `rolex_database`.`product` (`product_id`, `material`, `date_at`, `designs`, `price`, `product_code`, `product_name`, `quantity`, `size`, `category_id`, `type_id`,img) VALUES ('35', 'vàng Everose', '2023-08-31', 'Oyster', '101065050', 'm126715chnr', 'GMT-MASTER II', '3', '40', '4', '1','https://rolex.dafc.com.vn/wp-content/uploads/2023/05/m126715chnr-0001_collection_upright_landscape.png');
INSERT INTO `rolex_database`.`product` (`product_id`, `material`, `date_at`, `designs`, `price`, `product_code`, `product_name`, `quantity`, `size`, `category_id`, `type_id`,img) VALUES ('36', 'vàng trắng ', '2023-08-31', 'Oyster', '27159600', 'm126518ln', 'GMT-MASTER II', '3', '40', '4', '1','https://rolex.dafc.com.vn/wp-content/uploads/2023/05/m126710blro-0001_collection_upright_landscape.png');
INSERT INTO `rolex_database`.`product` (`product_id`, `material`, `date_at`, `designs`, `price`, `product_code`, `product_name`, `quantity`, `size`, `category_id`, `type_id`,img) VALUES ('37', 'vàng trắng', '2023-08-31', 'Oyster', '26637300', 'm126710blnr', 'GMT-MASTER II', '3', '40', '4', '1','https://rolex.dafc.com.vn/wp-content/uploads/2023/05/m126710blnr-0003_collection_upright_landscape.png');

INSERT INTO `rolex_database`.`product` (`product_id`, `material`, `date_at`, `designs`, `price`, `product_code`, `product_name`, `quantity`, `size`, `category_id`, `type_id`,img) VALUES ('38', 'Oystersteel', '2023-08-31', 'Oyster', '15930150', 'm124300', 'OYSTER PERPETUAL 41', '3', '41', '5', '1','https://rolex.dafc.com.vn/wp-content/uploads/2023/05/m124300-0001_collection_upright_landscape.png');
INSERT INTO `rolex_database`.`product` (`product_id`, `material`, `date_at`, `designs`, `price`, `product_code`, `product_name`, `quantity`, `size`, `category_id`, `type_id`,img) VALUES ('39', 'Oystersteel', '2023-08-31', 'Oyster', '15930150', 'm128349rbr', 'OYSTER PERPETUAL 41', '3', '41', '5', '1','https://rolex.dafc.com.vn/wp-content/uploads/2023/05/m124300-0008_collection_upright_landscape.png');
INSERT INTO `rolex_database`.`product` (`product_id`, `material`, `date_at`, `designs`, `price`, `product_code`, `product_name`, `quantity`, `size`, `category_id`, `type_id`,img) VALUES ('40', 'Oystersteel', '2023-08-31', 'Oyster', '15146700', 'm126000x', 'OYSTER PERPETUAL 36', '3', '36', '5', '2','https://rolex.dafc.com.vn/wp-content/uploads/2023/05/m126000-0009_collection_upright_landscape.png');
INSERT INTO `rolex_database`.`product` (`product_id`, `material`, `date_at`, `designs`, `price`, `product_code`, `product_name`, `quantity`, `size`, `category_id`, `type_id`,img) VALUES ('41', 'thép Oystersteel', '2023-08-31', 'Oyster', '13840950', 'm276200', 'OYSTER PERPETUAL 28', '3', '28', '5', '2','https://rolex.dafc.com.vn/wp-content/uploads/2023/05/m276200-0001_collection_upright_landscape.png');
INSERT INTO `rolex_database`.`product` (`product_id`, `material`, `date_at`, `designs`, `price`, `product_code`, `product_name`, `quantity`, `size`, `category_id`, `type_id`,img) VALUES ('42', 'Oystersteel', '2023-08-31', 'Oyster', '14102100 ', 'm277200', 'OYSTER PERPETUAL 31', '3', '31', '5', '2','https://rolex.dafc.com.vn/wp-content/uploads/2023/05/m277200-0001_collection_upright_landscape.png');
INSERT INTO `rolex_database`.`product` (`product_id`, `material`, `date_at`, `designs`, `price`, `product_code`, `product_name`, `quantity`, `size`, `category_id`, `type_id`,img) VALUES ('43', 'thép Oystersteel', '2023-08-31', 'Oyster', '14363250', 'm124200', 'OYSTER PERPETUAL 34', '3', '34', '5', '2','https://rolex.dafc.com.vn/wp-content/uploads/2023/05/m124200-0001_collection_upright_landscape.png');
INSERT INTO `rolex_database`.`product` (`product_id`, `material`, `date_at`, `designs`, `price`, `product_code`, `product_name`, `quantity`, `size`, `category_id`, `type_id`,img) VALUES ('44', 'Oystersteel', '2023-08-31', 'Oyster', '15930150', 'm124300', 'OYSTER PERPETUAL 41', '3', '41', '5', '1','https://rolex.dafc.com.vn/wp-content/uploads/2023/05/m124300-0002_collection_upright_landscape.png');
INSERT INTO `rolex_database`.`product` (`product_id`, `material`, `date_at`, `designs`, `price`, `product_code`, `product_name`, `quantity`, `size`, `category_id`, `type_id`,img) VALUES ('45', 'Oystersteel', '2023-08-31', 'Oyster', '14363250', 'm124200', 'OYSTER PERPETUAL 34', '3', '34', '5', '2','https://rolex.dafc.com.vn/wp-content/uploads/2023/05/m124200-0003_collection_upright_landscape.png');
INSERT INTO `rolex_database`.`product` (`product_id`, `material`, `date_at`, `designs`, `price`, `product_code`, `product_name`, `quantity`, `size`, `category_id`, `type_id`,img) VALUES ('46', 'Oystersteel', '2023-08-31', 'Oyster', '15930150', 'm124306', 'OYSTER PERPETUAL 31', '3', '31', '5', '2','https://rolex.dafc.com.vn/wp-content/uploads/2023/05/m124300-0005_collection_upright_landscape.png');
INSERT INTO `rolex_database`.`product` (`product_id`, `material`, `date_at`, `designs`, `price`, `product_code`, `product_name`, `quantity`, `size`, `category_id`, `type_id`,img) VALUES ('47', 'thép Oystersteel', '2023-08-31', 'Oyster', '14363250', 'm124200', 'OYSTER PERPETUAL 34', '3', '34', '5', '2','https://rolex.dafc.com.vn/wp-content/uploads/2023/05/m124200-0002_collection_upright_landscape.png');
INSERT INTO `rolex_database`.`product` (`product_id`, `material`, `date_at`, `designs`, `price`, `product_code`, `product_name`, `quantity`, `size`, `category_id`, `type_id`,img) VALUES ('48', 'thép Oystersteel', '2023-08-31', 'Oyster', '13840950', 'm124250', 'OYSTER PERPETUAL 28', '3', '28', '5', '2','https://rolex.dafc.com.vn/wp-content/uploads/2023/05/m276200-0003_collection_upright_landscape.png');
INSERT INTO `rolex_database`.`product` (`product_id`, `material`, `date_at`, `designs`, `price`, `product_code`, `product_name`, `quantity`, `size`, `category_id`, `type_id`,img) VALUES ('49', 'Oystersteel', '2023-08-31', 'Oyster', '13840950', 'm276200', 'OYSTER PERPETUAL 28', '3', '28', '5', '2','https://rolex.dafc.com.vn/wp-content/uploads/2023/05/m276200-0002_collection_upright_landscape.png');


INSERT INTO `rolex_database`.`product` (`product_id`, `material`, `date_at`, `designs`, `price`, `product_code`, `product_name`, `quantity`, `size`, `category_id`, `type_id`,img) VALUES ('50', 'Oystersteel trắng ', '2023-08-31', 'Oyster', '22720050', 'm124060', 'SUBMARINER', '3', '41', '6', '1','https://rolex.dafc.com.vn/wp-content/uploads/2023/05/m124060-0001_collection_upright_landscape.png');
INSERT INTO `rolex_database`.`product` (`product_id`, `material`, `date_at`, `designs`, `price`, `product_code`, `product_name`, `quantity`, `size`, `category_id`, `type_id`,img) VALUES ('51', 'vàng vàng', '2023-08-31', 'Oyster', '38911350', 'm126613lb', 'SUBMARINER DATE', '3', '41', '6', '1','https://rolex.dafc.com.vn/wp-content/uploads/2023/05/m126613lb-0002_collection_upright_landscape.png');
INSERT INTO `rolex_database`.`product` (`product_id`, `material`, `date_at`, `designs`, `price`, `product_code`, `product_name`, `quantity`, `size`, `category_id`, `type_id`,img) VALUES ('52', 'Oystersteel', '2023-08-31', 'Oyster', '25592700', 'm126610ln', 'SUBMARINER DATE', '3', '41', '6', '1','https://rolex.dafc.com.vn/wp-content/uploads/2023/05/m126610ln-0001_collection_upright_landscape.png');
INSERT INTO `rolex_database`.`product` (`product_id`, `material`, `date_at`, `designs`, `price`, `product_code`, `product_name`, `quantity`, `size`, `category_id`, `type_id`,img) VALUES ('53', 'vàng vàng', '2023-08-31', 'Oyster', '97147800', 'm126618lb', 'SUBMARINER DATE', '3', '41', '6', '1','https://rolex.dafc.com.vn/wp-content/uploads/2023/05/m126618lb-0002_collection_upright_landscape.png');
INSERT INTO `rolex_database`.`product` (`product_id`, `material`, `date_at`, `designs`, `price`, `product_code`, `product_name`, `quantity`, `size`, `category_id`, `type_id`,img) VALUES ('54', 'Oystersteel', '2023-08-31', 'Oyster', '26898450', 'm126610lv', 'SUBMARINER DATE', '3', '40', '6', '1','https://rolex.dafc.com.vn/wp-content/uploads/2023/05/m126610lv-0002_collection_upright_landscape.png');
INSERT INTO `rolex_database`.`product` (`product_id`, `material`, `date_at`, `designs`, `price`, `product_code`, `product_name`, `quantity`, `size`, `category_id`, `type_id`,img) VALUES ('55', 'vàng vàng', '2023-08-31', 'Oyster', '97147800', 'm126618ln', 'SUBMARINER DATE', '3', '41', '6', '1','https://rolex.dafc.com.vn/wp-content/uploads/2023/05/m126618ln-0002_collection_upright_landscape.png');
INSERT INTO `rolex_database`.`product` (`product_id`, `material`, `date_at`, `designs`, `price`, `product_code`, `product_name`, `quantity`, `size`, `category_id`, `type_id`,img) VALUES ('56', 'vàng trắng', '2023-08-31', 'Oyster', '104460000', 'm126619lb', 'SUBMARINER DATE', '3', '41', '6', '1','https://rolex.dafc.com.vn/wp-content/uploads/2023/05/m126619lb-0003_collection_upright_landscape.png');
INSERT INTO `rolex_database`.`product` (`product_id`, `material`, `date_at`, `designs`, `price`, `product_code`, `product_name`, `quantity`, `size`, `category_id`, `type_id`,img) VALUES ('57', 'vàng vàng', '2023-08-31', 'Oyster', '38911350', 'm126613ln	', 'SUBMARINER DATE', '3', '41', '6', '1','https://rolex.dafc.com.vn/wp-content/uploads/2023/05/m126613ln-0002_collection_upright_landscape.png');

INSERT INTO `rolex_database`.`product` (`product_id`, `material`, `date_at`, `designs`, `price`, `product_code`, `product_name`, `quantity`, `size`, `category_id`, `type_id`,img) VALUES ('58', 'vàng vàng', '2023-08-31', 'Oyster', '44917800', 'm126603', 'SEA-DWELLER', '3', '43', '7', '1','https://rolex.dafc.com.vn/wp-content/uploads/2023/05/m126603-0001_collection_upright_landscape.png');
INSERT INTO `rolex_database`.`product` (`product_id`, `material`, `date_at`, `designs`, `price`, `product_code`, `product_name`, `quantity`, `size`, `category_id`, `type_id`,img) VALUES ('59', 'Oystersteel', '2023-08-31', 'Oyster', '36038700', 'm136660', 'ROLEX DEEPSEA', '3', '44', '7', '1','https://rolex.dafc.com.vn/wp-content/uploads/2023/05/m136660-0003_collection_upright_landscape.png');
INSERT INTO `rolex_database`.`product` (`product_id`, `material`, `date_at`, `designs`, `price`, `product_code`, `product_name`, `quantity`, `size`, `category_id`, `type_id`,img) VALUES ('60', 'Oystersteel', '2023-08-31', 'Oyster', '32904900', 'm126600', 'SEA-DWELLER', '3', '43', '7', '1','https://rolex.dafc.com.vn/wp-content/uploads/2023/05/m126600-0002_collection_upright_landscape.png');
INSERT INTO `rolex_database`.`product` (`product_id`, `material`, `date_at`, `designs`, `price`, `product_code`, `product_name`, `quantity`, `size`, `category_id`, `type_id`,img) VALUES ('61', 'Oystersteel', '2023-08-31', 'Oyster', '38911350', 'm136660', 'ROLEX DEEPSEA', '3', '44', '7', '1','https://rolex.dafc.com.vn/wp-content/uploads/2023/05/m136660-0004_collection_upright_landscape.png');

INSERT INTO `rolex_database`.`product` (`product_id`, `material`, `date_at`, `designs`, `price`, `product_code`, `product_name`, `quantity`, `size`, `category_id`, `type_id`,img) VALUES ('62', 'vàng kim', '2023-08-31', 'Oyster', '54841500', 'm52508', '1908', '3', '39', '8', '1','https://rolex.dafc.com.vn/wp-content/uploads/2023/05/m52508-0006_collection_upright_landscape.png');
INSERT INTO `rolex_database`.`product` (`product_id`, `material`, `date_at`, `designs`, `price`, `product_code`, `product_name`, `quantity`, `size`, `category_id`, `type_id`,img) VALUES ('63', 'vàng kim', '2023-08-31', 'Oyster', '54841500', 'm52509', '1908', '3', '39', '8', '1','https://rolex.dafc.com.vn/wp-content/uploads/2023/05/m52508-0002_collection_upright_landscape.png');
INSERT INTO `rolex_database`.`product` (`product_id`, `material`, `date_at`, `designs`, `price`, `product_code`, `product_name`, `quantity`, `size`, `category_id`, `type_id`,img) VALUES ('64', 'vàng trắng', '2023-08-31', 'Oyster', '57975300', 'm52510', '1908', '3', '39', '8', '1','https://rolex.dafc.com.vn/wp-content/uploads/2023/05/m52509-0002_collection_upright_landscape.png');
INSERT INTO `rolex_database`.`product` (`product_id`, `material`, `date_at`, `designs`, `price`, `product_code`, `product_name`, `quantity`, `size`, `category_id`, `type_id`,img) VALUES ('65', 'vàng trắng', '2023-08-31', 'Oyster', '57975300', 'm52511', '1908', '3', '39', '8', '1','https://rolex.dafc.com.vn/wp-content/uploads/2023/05/m52509-0006_collection_upright_landscape.png');

INSERT INTO `rolex_database`.`product` (`product_id`, `material`, `date_at`, `designs`, `price`, `product_code`, `product_name`, `quantity`, `size`, `category_id`, `type_id`,img) VALUES ('66', 'vàng trắng', '2023-08-31', 'Oyster', '106288050', 'm336239', 'SKY-DWELLER', '3', '42', '9', '1','https://rolex.dafc.com.vn/wp-content/uploads/2023/05/m336239-0002_collection_upright_landscape.png');
INSERT INTO `rolex_database`.`product` (`product_id`, `material`, `date_at`, `designs`, `price`, `product_code`, `product_name`, `quantity`, `size`, `category_id`, `type_id`,img) VALUES ('67', 'vàng trắng', '2023-08-31', 'Oyster', '39433650 ', 'm336934', 'SKY-DWELLER', '3', '42', '9', '1','https://rolex.dafc.com.vn/wp-content/uploads/2023/05/m336934-0004_collection_upright_landscape.png');
INSERT INTO `rolex_database`.`product` (`product_id`, `material`, `date_at`, `designs`, `price`, `product_code`, `product_name`, `quantity`, `size`, `category_id`, `type_id`,img) VALUES ('68', 'vàng vàng', '2023-08-31', 'Oyster', '48051600 ', 'm336933', 'SKY-DWELLER', '3', '42', '9', '1','https://rolex.dafc.com.vn/wp-content/uploads/2023/05/m336933-0001_collection_upright_landscape.png');
INSERT INTO `rolex_database`.`product` (`product_id`, `material`, `date_at`, `designs`, `price`, `product_code`, `product_name`, `quantity`, `size`, `category_id`, `type_id`,img) VALUES ('69', 'vàng Everose', '2023-08-31', 'Oyster', '106288050', 'm336235', 'SKY-DWELLER', '3', '42', '9', '1','https://rolex.dafc.com.vn/wp-content/uploads/2023/05/m336235-0003_collection_upright_landscape.png');
INSERT INTO `rolex_database`.`product` (`product_id`, `material`, `date_at`, `designs`, `price`, `product_code`, `product_name`, `quantity`, `size`, `category_id`, `type_id`,img) VALUES ('70', 'vàng Everose', '2023-08-31', 'Oyster', '109810350  ', 'm336935', 'SKY-DWELLER', '3', '42', '9', '1','https://rolex.dafc.com.vn/wp-content/uploads/2023/05/m336935-0001_collection_upright_landscape.png');
INSERT INTO `rolex_database`.`product` (`product_id`, `material`, `date_at`, `designs`, `price`, `product_code`, `product_name`, `quantity`, `size`, `category_id`, `type_id`,img) VALUES ('71', 'vàng vàng', '2023-08-31', 'Oyster', '102370800', 'm336238', 'SKY-DWELLER', '3', '42', '9', '1','https://rolex.dafc.com.vn/wp-content/uploads/2023/05/m336238-0002_collection_upright_landscape.png');
INSERT INTO `rolex_database`.`product` (`product_id`, `material`, `date_at`, `designs`, `price`, `product_code`, `product_name`, `quantity`, `size`, `category_id`, `type_id`,img) VALUES ('72', 'thép Oystersteel và vàng', '2023-08-31', 'Oyster', '119606700', 'm336938', 'SKY-DWELLER', '3', '42', '9', '1','https://rolex.dafc.com.vn/wp-content/uploads/2023/05/m336938-0003_collection_upright_landscape.png');
INSERT INTO `rolex_database`.`product` (`product_id`, `material`, `date_at`, `designs`, `price`, `product_code`, `product_name`, `quantity`, `size`, `category_id`, `type_id`,img) VALUES ('73', 'vàng vàng ', '2023-08-31', 'Oyster', '49618500', 'm336933', 'SKY-DWELLER', '3', '42', '9', '1','https://rolex.dafc.com.vn/wp-content/uploads/2023/05/m336933-0004_collection_upright_landscape.png');
INSERT INTO `rolex_database`.`product` (`product_id`, `material`, `date_at`, `designs`, `price`, `product_code`, `product_name`, `quantity`, `size`, `category_id`, `type_id`,img) VALUES ('74', 'vàng trắng', '2023-08-31', 'Oyster', '38911350', 'm336934', 'SKY-DWELLER', '3', '42', '9', '1','https://rolex.dafc.com.vn/wp-content/uploads/2023/05/m336934-0001_collection_upright_landscape.png');

INSERT INTO `rolex_database`.`product` (`product_id`, `material`, `date_at`, `designs`, `price`, `product_code`, `product_name`, `quantity`, `size`, `category_id`, `type_id`,img) VALUES ('75', 'titanium RLX', '2023-08-31', 'Oyster', '34994100', 'm226627', 'YACHT-MASTER 42', '3', '42', '10', '1','https://rolex.dafc.com.vn/wp-content/uploads/2023/05/m226627-0001_collection_upright_landscape.png');
INSERT INTO `rolex_database`.`product` (`product_id`, `material`, `date_at`, `designs`, `price`, `product_code`, `product_name`, `quantity`, `size`, `category_id`, `type_id`,img) VALUES ('76', 'vàng vàng', '2023-08-31', 'Oyster', '108377250 ', 'm116688', 'YACHT-MASTER II', '3', '44', '10', '1','https://rolex.dafc.com.vn/wp-content/uploads/2023/05/m116688-0002_collection_upright_landscape.png');
INSERT INTO `rolex_database`.`product` (`product_id`, `material`, `date_at`, `designs`, `price`, `product_code`, `product_name`, `quantity`, `size`, `category_id`, `type_id`,img) VALUES ('77', 'thép Oystersteel và bạch kim', '2023-08-31', 'Oyster', '28726500 ', 'm336933', 'YACHT-MASTER 37', '3', '37', '10', '1','https://rolex.dafc.com.vn/wp-content/uploads/2023/05/m268622-0002_collection_upright_landscape.png');
INSERT INTO `rolex_database`.`product` (`product_id`, `material`, `date_at`, `designs`, `price`, `product_code`, `product_name`, `quantity`, `size`, `category_id`, `type_id`,img) VALUES ('78', 'vàng Everose', '2023-08-31', 'Oyster', '35777550', 'm268621', 'YACHT-MASTER 37', '3', '37', '10', '1','https://rolex.dafc.com.vn/wp-content/uploads/2023/05/m268621-0003_collection_upright_landscape.png');
INSERT INTO `rolex_database`.`product` (`product_id`, `material`, `date_at`, `designs`, `price`, `product_code`, `product_name`, `quantity`, `size`, `category_id`, `type_id`,img) VALUES ('79', 'vàng Everose', '2023-08-31', 'Oyster', '103415400', 'm268655', 'YACHT-MASTER 3', '3', '37', '10', '1','https://rolex.dafc.com.vn/wp-content/uploads/2023/05/m268655-0019_collection_upright_landscape.png');
INSERT INTO `rolex_database`.`product` (`product_id`, `material`, `date_at`, `designs`, `price`, `product_code`, `product_name`, `quantity`, `size`, `category_id`, `type_id`,img) VALUES ('80', 'Oystersteel và bạch kim', '2023-08-31', 'Oyster', '30554500', 'm126622', 'YACHT-MASTER 40', '3', '40', '10', '1','https://rolex.dafc.com.vn/wp-content/uploads/2023/05/m126622-0001_collection_upright_landscape.png');
INSERT INTO `rolex_database`.`product` (`product_id`, `material`, `date_at`, `designs`, `price`, `product_code`, `product_name`, `quantity`, `size`, `category_id`, `type_id`,img) VALUES ('81', 'vàng Everose', '2023-08-31', 'Oyster', '39433650', 'm126621', 'YACHT-MASTER 40', '3', '40', '10', '1','https://rolex.dafc.com.vn/wp-content/uploads/2023/05/m126621-0001_collection_upright_landscape.png');
INSERT INTO `rolex_database`.`product` (`product_id`, `material`, `date_at`, `designs`, `price`, `product_code`, `product_name`, `quantity`, `size`, `category_id`, `type_id`,img) VALUES ('82', 'vàng vàng', '2023-08-31', 'Oyster', '72599700', 'm226658', 'YACHT-MASTER 42', '3', '42', '10', '1','https://rolex.dafc.com.vn/wp-content/uploads/2023/05/m226658-0001_collection_upright_landscape.png');
INSERT INTO `rolex_database`.`product` (`product_id`, `material`, `date_at`, `designs`, `price`, `product_code`, `product_name`, `quantity`, `size`, `category_id`, `type_id`,img) VALUES ('83', 'vàng Everose', '2023-08-31', 'Oyster', '71816250', 'm336934', 'YACHT-MASTER 40', '3', '40', '10', '1','https://rolex.dafc.com.vn/wp-content/uploads/2023/05/m126655-0002_collection_upright_landscape.png');
INSERT INTO `rolex_database`.`product` (`product_id`, `material`, `date_at`, `designs`, `price`, `product_code`, `product_name`, `quantity`, `size`, `category_id`, `type_id`,img) VALUES ('84', 'thép Oystersteel và vàng', '2023-08-31', 'Oyster', '82523400', 'm226659', 'YACHT-MASTER 42', '3', '42', '10', '1','https://rolex.dafc.com.vn/wp-content/uploads/2023/05/m226659-0004_collection_upright_landscape.png');
INSERT INTO `rolex_database`.`product` (`product_id`, `material`, `date_at`, `designs`, `price`, `product_code`, `product_name`, `quantity`, `size`, `category_id`, `type_id`,img) VALUES ('85', 'vàng Everose', '2023-08-31', 'Oyster', '63198300', 'm116681', 'YACHT-MASTER II', '3', '44', '10', '1','https://rolex.dafc.com.vn/wp-content/uploads/2023/05/m116681-0002_collection_upright_landscape.png');
INSERT INTO `rolex_database`.`product` (`product_id`, `material`, `date_at`, `designs`, `price`, `product_code`, `product_name`, `quantity`, `size`, `category_id`, `type_id`,img) VALUES ('86', 'Oystersteel', '2023-08-31', 'Oyster', '46484700', 'm116680', 'YACHT-MASTER II', '3', '44', '10', '1','https://rolex.dafc.com.vn/wp-content/uploads/2023/05/m116680-0002_collection_upright_landscape.png');
INSERT INTO `rolex_database`.`product` (`product_id`, `material`, `date_at`, `designs`, `price`, `product_code`, `product_name`, `quantity`, `size`, `category_id`, `type_id`,img) VALUES ('87', 'vàng trắng', '2023-08-31', 'Oyster', '75994650', 'm226659', 'YACHT-MASTER 42', '3', '42', '10', '1','https://rolex.dafc.com.vn/wp-content/uploads/2023/05/m226659-0002_collection_upright_landscape.png');

INSERT INTO rolex_database.images (image_id, image_url, product_id) VALUES (1, 'https://rolex.dafc.com.vn/wp-content/uploads/watch-assets-front-facing/landscape_assets/m126234-0051_modelpage_front_facing_landscape.png', 1);
INSERT INTO rolex_database.images (image_id, image_url, product_id) VALUES (2, 'https://rolex.dafc.com.vn/wp-content/uploads/watch-assets-laying-down/landscape_assets/m126234-0051_modelpage_laying_down_landscape.png', 1);
INSERT INTO rolex_database.images (image_id, image_url, product_id) VALUES (3, 'https://rolex.dafc.com.vn/wp-content/uploads/watch-assets-in-box/landscape_assets/m126234-0051_modelpage_in_box_landscape.jpg', 1);
INSERT INTO rolex_database.images (image_id, image_url, product_id) VALUES (4, 'https://rolex.dafc.com.vn/wp-content/uploads/watch-assets-front-facing/landscape_assets/m126231-0044_modelpage_front_facing_landscape.png', 2);
INSERT INTO rolex_database.images (image_id, image_url, product_id) VALUES (5, 'https://rolex.dafc.com.vn/wp-content/uploads/watch-assets-laying-down/landscape_assets/m126231-0044_modelpage_laying_down_landscape.png', 2);
INSERT INTO rolex_database.images (image_id, image_url, product_id) VALUES (6, 'https://rolex.dafc.com.vn/wp-content/uploads/watch-assets-front-facing/landscape_assets/m278274-0035_modelpage_front_facing_landscape.png', 3);
INSERT INTO rolex_database.images (image_id, image_url, product_id) VALUES (7, 'https://rolex.dafc.com.vn/wp-content/uploads/watch-assets-laying-down/landscape_assets/m278274-0035_modelpage_laying_down_landscape.png', 3);
INSERT INTO rolex_database.images (image_id, image_url, product_id) VALUES (8, 'https://rolex.dafc.com.vn/wp-content/uploads/watch-assets-in-box/landscape_assets/m278274-0035_modelpage_in_box_landscape.jpg', 3);
INSERT INTO rolex_database.images (image_id, image_url, product_id) VALUES (9, 'https://rolex.dafc.com.vn/wp-content/uploads/watch-assets-front-facing/landscape_assets/m278240-0005_modelpage_front_facing_landscape.png', 4);
INSERT INTO rolex_database.images (image_id, image_url, product_id) VALUES (10, 'https://rolex.dafc.com.vn/wp-content/uploads/watch-assets-laying-down/landscape_assets/m278240-0005_modelpage_laying_down_landscape.png', 4);
INSERT INTO rolex_database.images (image_id, image_url, product_id) VALUES (11, 'https://rolex.dafc.com.vn/wp-content/uploads/watch-assets-in-box/landscape_assets/m278240-0005_modelpage_in_box_landscape.jpg', 4);
INSERT INTO rolex_database.images (image_id, image_url, product_id) VALUES (12, 'https://rolex.dafc.com.vn/wp-content/uploads/watch-assets-front-facing/landscape_assets/m126334-0023_modelpage_front_facing_landscape.png', 5);
INSERT INTO rolex_database.images (image_id, image_url, product_id) VALUES (13, 'https://rolex.dafc.com.vn/wp-content/uploads/watch-assets-laying-down/landscape_assets/m126334-0023_modelpage_laying_down_landscape.png', 5);
INSERT INTO rolex_database.images (image_id, image_url, product_id) VALUES (14, 'https://rolex.dafc.com.vn/wp-content/uploads/watch-assets-in-box/landscape_assets/m126334-0023_modelpage_in_box_landscape.jpg', 5);
INSERT INTO rolex_database.images (image_id, image_url, product_id) VALUES (15, 'https://rolex.dafc.com.vn/wp-content/uploads/watch-assets-front-facing/landscape_assets/m126334-0006_modelpage_front_facing_landscape.png', 6);
INSERT INTO rolex_database.images (image_id, image_url, product_id) VALUES (16, 'https://rolex.dafc.com.vn/wp-content/uploads/watch-assets-laying-down/landscape_assets/m126334-0006_modelpage_laying_down_landscape.png', 6);
INSERT INTO rolex_database.images (image_id, image_url, product_id) VALUES (17, 'https://rolex.dafc.com.vn/wp-content/uploads/watch-assets-in-box/landscape_assets/m126334-0006_modelpage_in_box_landscape.jpg', 6);
INSERT INTO rolex_database.images (image_id, image_url, product_id) VALUES (18, 'https://rolex.dafc.com.vn/wp-content/uploads/watch-assets-front-facing/landscape_assets/m126283rbr-0012_modelpage_front_facing_landscape.png', 7);
INSERT INTO rolex_database.images (image_id, image_url, product_id) VALUES (19, 'https://rolex.dafc.com.vn/wp-content/uploads/watch-assets-laying-down/landscape_assets/m126283rbr-0012_modelpage_laying_down_landscape.png', 7);
INSERT INTO rolex_database.images (image_id, image_url, product_id) VALUES (20, 'https://rolex.dafc.com.vn/wp-content/uploads/watch-assets-in-box/landscape_assets/m126283rbr-0012_modelpage_in_box_landscape.jpg', 7);
INSERT INTO rolex_database.images (image_id, image_url, product_id) VALUES (21, 'https://rolex.dafc.com.vn/wp-content/uploads/watch-assets-front-facing/landscape_assets/m126284rbr-0011_modelpage_front_facing_landscape.png', 8);
INSERT INTO rolex_database.images (image_id, image_url, product_id) VALUES (22, 'https://rolex.dafc.com.vn/wp-content/uploads/watch-assets-laying-down/landscape_assets/m126284rbr-0011_modelpage_laying_down_landscape.png', 8);
INSERT INTO rolex_database.images (image_id, image_url, product_id) VALUES (23, 'https://rolex.dafc.com.vn/wp-content/uploads/watch-assets-in-box/landscape_assets/m126284rbr-0011_modelpage_in_box_landscape.jpg', 8);
INSERT INTO rolex_database.images (image_id, image_url, product_id) VALUES (24, 'https://rolex.dafc.com.vn/wp-content/uploads/watch-assets-front-facing/landscape_assets/m126506-0001_modelpage_front_facing_landscape.png', 9);
INSERT INTO rolex_database.images (image_id, image_url, product_id) VALUES (25, 'https://rolex.dafc.com.vn/wp-content/uploads/watch-assets-laying-down/landscape_assets/m126506-0001_modelpage_laying_down_landscape.png', 9);
INSERT INTO rolex_database.images (image_id, image_url, product_id) VALUES (26, 'https://rolex.dafc.com.vn/wp-content/uploads/watch-assets-front-facing/landscape_assets/m126503-0004_modelpage_front_facing_landscape.png', 10);
INSERT INTO rolex_database.images (image_id, image_url, product_id) VALUES (27, 'https://rolex.dafc.com.vn/wp-content/uploads/watch-assets-laying-down/landscape_assets/m126503-0004_modelpage_laying_down_landscape.png', 10);
INSERT INTO rolex_database.images (image_id, image_url, product_id) VALUES (28, 'https://rolex.dafc.com.vn/wp-content/uploads/watch-assets-front-facing/landscape_assets/m126505-0001_modelpage_front_facing_landscape.png', 11);
INSERT INTO rolex_database.images (image_id, image_url, product_id) VALUES (29, 'https://rolex.dafc.com.vn/wp-content/uploads/watch-assets-laying-down/landscape_assets/m126505-0001_modelpage_laying_down_landscape.png', 11);
INSERT INTO rolex_database.images (image_id, image_url, product_id) VALUES (30, 'https://rolex.dafc.com.vn/wp-content/uploads/watch-assets-front-facing/landscape_assets/m126506-0002_modelpage_front_facing_landscape.png', 12);
INSERT INTO rolex_database.images (image_id, image_url, product_id) VALUES (31, 'https://rolex.dafc.com.vn/wp-content/uploads/watch-assets-laying-down/landscape_assets/m126506-0002_modelpage_laying_down_landscape.png', 12);
INSERT INTO rolex_database.images (image_id, image_url, product_id) VALUES (32, 'https://rolex.dafc.com.vn/wp-content/uploads/watch-assets-front-facing/landscape_assets/m126505-0002_modelpage_front_facing_landscape.png', 13);
INSERT INTO rolex_database.images (image_id, image_url, product_id) VALUES (33, 'https://rolex.dafc.com.vn/wp-content/uploads/watch-assets-laying-down/landscape_assets/m126505-0002_modelpage_laying_down_landscape.png', 13);
INSERT INTO rolex_database.images (image_id, image_url, product_id) VALUES (34, 'https://rolex.dafc.com.vn/wp-content/uploads/watch-assets-front-facing/landscape_assets/m126519ln-0006_modelpage_front_facing_landscape.png', 14);
INSERT INTO rolex_database.images (image_id, image_url, product_id) VALUES (35, 'https://rolex.dafc.com.vn/wp-content/uploads/watch-assets-laying-down/landscape_assets/m126519ln-0006_modelpage_laying_down_landscape.png', 14);
INSERT INTO rolex_database.images (image_id, image_url, product_id) VALUES (36, 'https://rolex.dafc.com.vn/wp-content/uploads/watch-assets-front-facing/landscape_assets/m126508-0003_modelpage_front_facing_landscape.png', 15);
INSERT INTO rolex_database.images (image_id, image_url, product_id) VALUES (37, 'https://rolex.dafc.com.vn/wp-content/uploads/watch-assets-laying-down/landscape_assets/m126508-0003_modelpage_laying_down_landscape.png', 15);
INSERT INTO rolex_database.images (image_id, image_url, product_id) VALUES (38, 'https://rolex.dafc.com.vn/wp-content/uploads/watch-assets-front-facing/landscape_assets/m126518ln-0012_modelpage_front_facing_landscape.png', 16);
INSERT INTO rolex_database.images (image_id, image_url, product_id) VALUES (39, 'https://rolex.dafc.com.vn/wp-content/uploads/watch-assets-laying-down/landscape_assets/m126518ln-0012_modelpage_laying_down_landscape.png', 16);
INSERT INTO rolex_database.images (image_id, image_url, product_id) VALUES (40, 'https://rolex.dafc.com.vn/wp-content/uploads/watch-assets-front-facing/landscape_assets/m126515ln-0006_modelpage_front_facing_landscape.png', 17);
INSERT INTO rolex_database.images (image_id, image_url, product_id) VALUES (41, 'https://rolex.dafc.com.vn/wp-content/uploads/watch-assets-laying-down/landscape_assets/m126515ln-0006_modelpage_laying_down_landscape.png', 17);
INSERT INTO rolex_database.images (image_id, image_url, product_id) VALUES (42, 'https://rolex.dafc.com.vn/wp-content/uploads/watch-assets-front-facing/landscape_assets/m228236-0012_modelpage_front_facing_landscape.png', 18);
INSERT INTO rolex_database.images (image_id, image_url, product_id) VALUES (43, 'https://rolex.dafc.com.vn/wp-content/uploads/watch-assets-laying-down/landscape_assets/m228236-0012_modelpage_laying_down_landscape.png', 18);
INSERT INTO rolex_database.images (image_id, image_url, product_id) VALUES (44, 'https://rolex.dafc.com.vn/wp-content/uploads/watch-assets-in-box/landscape_assets/m228236-0012_modelpage_in_box_landscape.jpg', 18);
INSERT INTO rolex_database.images (image_id, image_url, product_id) VALUES (45, 'https://rolex.dafc.com.vn/wp-content/uploads/watch-assets-front-facing/landscape_assets/m128348rbr-0049_modelpage_front_facing_landscape.png', 19);
INSERT INTO rolex_database.images (image_id, image_url, product_id) VALUES (46, 'https://rolex.dafc.com.vn/wp-content/uploads/watch-assets-laying-down/landscape_assets/m128348rbr-0049_modelpage_laying_down_landscape.png', 19);
INSERT INTO rolex_database.images (image_id, image_url, product_id) VALUES (47, 'https://rolex.dafc.com.vn/wp-content/uploads/watch-assets-front-facing/landscape_assets/m128345rbr-0068_modelpage_front_facing_landscape.png', 20);
INSERT INTO rolex_database.images (image_id, image_url, product_id) VALUES (48, 'https://rolex.dafc.com.vn/wp-content/uploads/watch-assets-laying-down/landscape_assets/m128345rbr-0068_modelpage_laying_down_landscape.png', 20);
INSERT INTO rolex_database.images (image_id, image_url, product_id) VALUES (49, 'https://rolex.dafc.com.vn/wp-content/uploads/watch-assets-front-facing/landscape_assets/m128349rbr-0031_modelpage_front_facing_landscape.png', 21);
INSERT INTO rolex_database.images (image_id, image_url, product_id) VALUES (50, 'https://rolex.dafc.com.vn/wp-content/uploads/watch-assets-laying-down/landscape_assets/m128349rbr-0031_modelpage_laying_down_landscape.png', 21);
INSERT INTO rolex_database.images (image_id, image_url, product_id) VALUES (51, 'https://rolex.dafc.com.vn/wp-content/uploads/watch-assets-front-facing/landscape_assets/m128239-0005_modelpage_front_facing_landscape.png', 22);
INSERT INTO rolex_database.images (image_id, image_url, product_id) VALUES (52, 'https://rolex.dafc.com.vn/wp-content/uploads/watch-assets-laying-down/landscape_assets/m128239-0005_modelpage_laying_down_landscape.png', 22);
INSERT INTO rolex_database.images (image_id, image_url, product_id) VALUES (53, 'https://rolex.dafc.com.vn/wp-content/uploads/watch-assets-front-facing/landscape_assets/m228348rbr-0002_modelpage_front_facing_landscape.png', 23);
INSERT INTO rolex_database.images (image_id, image_url, product_id) VALUES (54, 'https://rolex.dafc.com.vn/wp-content/uploads/watch-assets-laying-down/landscape_assets/m228348rbr-0002_modelpage_laying_down_landscape.png', 23);
INSERT INTO rolex_database.images (image_id, image_url, product_id) VALUES (55, 'https://rolex.dafc.com.vn/wp-content/uploads/watch-assets-front-facing/landscape_assets/m228239-0007_modelpage_front_facing_landscape.png', 24);
INSERT INTO rolex_database.images (image_id, image_url, product_id) VALUES (56, 'https://rolex.dafc.com.vn/wp-content/uploads/watch-assets-laying-down/landscape_assets/m228239-0007_modelpage_laying_down_landscape.png', 24);
INSERT INTO rolex_database.images (image_id, image_url, product_id) VALUES (57, 'https://rolex.dafc.com.vn/wp-content/uploads/watch-assets-in-box/landscape_assets/m228239-0007_modelpage_in_box_landscape.jpg', 24);
INSERT INTO rolex_database.images (image_id, image_url, product_id) VALUES (58, 'https://rolex.dafc.com.vn/wp-content/uploads/watch-assets-front-facing/landscape_assets/m228349rbr-0003_modelpage_front_facing_landscape.png', 25);
INSERT INTO rolex_database.images (image_id, image_url, product_id) VALUES (59, 'https://rolex.dafc.com.vn/wp-content/uploads/watch-assets-laying-down/landscape_assets/m228349rbr-0003_modelpage_laying_down_landscape.png', 25);
INSERT INTO rolex_database.images (image_id, image_url, product_id) VALUES (60, 'https://rolex.dafc.com.vn/wp-content/uploads/watch-assets-in-box/landscape_assets/m228349rbr-0003_modelpage_in_box_landscape.jpg', 25);
INSERT INTO rolex_database.images (image_id, image_url, product_id) VALUES (61, 'https://rolex.dafc.com.vn/wp-content/uploads/watch-assets-front-facing/landscape_assets/m228238-0061_modelpage_front_facing_landscape.png', 26);
INSERT INTO rolex_database.images (image_id, image_url, product_id) VALUES (62, 'https://rolex.dafc.com.vn/wp-content/uploads/watch-assets-laying-down/landscape_assets/m228238-0061_modelpage_laying_down_landscape.png', 26);
INSERT INTO rolex_database.images (image_id, image_url, product_id) VALUES (63, 'https://rolex.dafc.com.vn/wp-content/uploads/watch-assets-in-box/landscape_assets/m228238-0061_modelpage_in_box_landscape.jpg', 26);
INSERT INTO rolex_database.images (image_id, image_url, product_id) VALUES (64, 'https://rolex.dafc.com.vn/wp-content/uploads/watch-assets-front-facing/landscape_assets/m128349rbr-0008_modelpage_front_facing_landscape.png', 27);
INSERT INTO rolex_database.images (image_id, image_url, product_id) VALUES (65, 'https://rolex.dafc.com.vn/wp-content/uploads/watch-assets-laying-down/landscape_assets/m128349rbr-0008_modelpage_laying_down_landscape.png', 27);
INSERT INTO rolex_database.images (image_id, image_url, product_id) VALUES (66, 'https://rolex.dafc.com.vn/wp-content/uploads/watch-assets-in-box/landscape_assets/m128349rbr-0008_modelpage_in_box_landscape.jpg', 27);
INSERT INTO rolex_database.images (image_id, image_url, product_id) VALUES (67, 'https://rolex.dafc.com.vn/wp-content/uploads/watch-assets-front-facing/landscape_assets/m228238-0059_modelpage_front_facing_landscape.png', 28);
INSERT INTO rolex_database.images (image_id, image_url, product_id) VALUES (68, 'https://rolex.dafc.com.vn/wp-content/uploads/watch-assets-laying-down/landscape_assets/m228238-0059_modelpage_laying_down_landscape.png', 28);
INSERT INTO rolex_database.images (image_id, image_url, product_id) VALUES (69, 'https://rolex.dafc.com.vn/wp-content/uploads/watch-assets-in-box/landscape_assets/m228238-0059_modelpage_in_box_landscape.jpg', 28);
INSERT INTO rolex_database.images (image_id, image_url, product_id) VALUES (70, 'https://rolex.dafc.com.vn/wp-content/uploads/watch-assets-front-facing/landscape_assets/m126713grnr-0001_modelpage_front_facing_landscape.png', 29);
INSERT INTO rolex_database.images (image_id, image_url, product_id) VALUES (71, 'https://rolex.dafc.com.vn/wp-content/uploads/watch-assets-laying-down/landscape_assets/m126713grnr-0001_modelpage_laying_down_landscape.png', 29);
INSERT INTO rolex_database.images (image_id, image_url, product_id) VALUES (72, 'https://rolex.dafc.com.vn/wp-content/uploads/watch-assets-front-facing/landscape_assets/m126718grnr-0001_modelpage_front_facing_landscape.png', 30);
INSERT INTO rolex_database.images (image_id, image_url, product_id) VALUES (73, 'https://rolex.dafc.com.vn/wp-content/uploads/watch-assets-laying-down/landscape_assets/m126718grnr-0001_modelpage_laying_down_landscape.png', 30);
INSERT INTO rolex_database.images (image_id, image_url, product_id) VALUES (74, 'https://rolex.dafc.com.vn/wp-content/uploads/watch-assets-front-facing/landscape_assets/m126719blro-0003_modelpage_front_facing_landscape.png', 31);
INSERT INTO rolex_database.images (image_id, image_url, product_id) VALUES (75, 'https://rolex.dafc.com.vn/wp-content/uploads/watch-assets-laying-down/landscape_assets/m126719blro-0003_modelpage_laying_down_landscape.png', 31);
INSERT INTO rolex_database.images (image_id, image_url, product_id) VALUES (76, 'https://rolex.dafc.com.vn/wp-content/uploads/watch-assets-in-box/landscape_assets/m126719blro-0003_modelpage_in_box_landscape.jpg', 31);
INSERT INTO rolex_database.images (image_id, image_url, product_id) VALUES (77, 'https://rolex.dafc.com.vn/wp-content/uploads/watch-assets-front-facing/landscape_assets/m126720vtnr-0001_modelpage_front_facing_landscape.png', 32);
INSERT INTO rolex_database.images (image_id, image_url, product_id) VALUES (78, 'https://rolex.dafc.com.vn/wp-content/uploads/watch-assets-laying-down/landscape_assets/m126720vtnr-0001_modelpage_laying_down_landscape.png', 32);
INSERT INTO rolex_database.images (image_id, image_url, product_id) VALUES (79, 'https://rolex.dafc.com.vn/wp-content/uploads/watch-assets-in-box/landscape_assets/m126720vtnr-0001_modelpage_in_box_landscape.jpg', 32);
INSERT INTO rolex_database.images (image_id, image_url, product_id) VALUES (80, 'https://rolex.dafc.com.vn/wp-content/uploads/watch-assets-front-facing/landscape_assets/m126719blro-0002_modelpage_front_facing_landscape.png', 33);
INSERT INTO rolex_database.images (image_id, image_url, product_id) VALUES (81, 'https://rolex.dafc.com.vn/wp-content/uploads/watch-assets-laying-down/landscape_assets/m126719blro-0002_modelpage_laying_down_landscape.png', 33);
INSERT INTO rolex_database.images (image_id, image_url, product_id) VALUES (82, 'https://rolex.dafc.com.vn/wp-content/uploads/watch-assets-in-box/landscape_assets/m126719blro-0002_modelpage_in_box_landscape.jpg', 33);
INSERT INTO rolex_database.images (image_id, image_url, product_id) VALUES (83, 'https://rolex.dafc.com.vn/wp-content/uploads/watch-assets-front-facing/landscape_assets/m126711chnr-0002_modelpage_front_facing_landscape.png', 34);
INSERT INTO rolex_database.images (image_id, image_url, product_id) VALUES (84, 'https://rolex.dafc.com.vn/wp-content/uploads/watch-assets-laying-down/landscape_assets/m126711chnr-0002_modelpage_laying_down_landscape.png', 34);
INSERT INTO rolex_database.images (image_id, image_url, product_id) VALUES (85, 'https://rolex.dafc.com.vn/wp-content/uploads/watch-assets-in-box/landscape_assets/m126711chnr-0002_modelpage_in_box_landscape.jpg', 34);
INSERT INTO rolex_database.images (image_id, image_url, product_id) VALUES (86, 'https://rolex.dafc.com.vn/wp-content/uploads/watch-assets-front-facing/landscape_assets/m126715chnr-0001_modelpage_front_facing_landscape.png', 35);
INSERT INTO rolex_database.images (image_id, image_url, product_id) VALUES (87, 'https://rolex.dafc.com.vn/wp-content/uploads/watch-assets-laying-down/landscape_assets/m126715chnr-0001_modelpage_laying_down_landscape.png', 35);
INSERT INTO rolex_database.images (image_id, image_url, product_id) VALUES (88, 'https://rolex.dafc.com.vn/wp-content/uploads/watch-assets-front-facing/landscape_assets/m126710blro-0001_modelpage_front_facing_landscape.png', 36);
INSERT INTO rolex_database.images (image_id, image_url, product_id) VALUES (89, 'https://rolex.dafc.com.vn/wp-content/uploads/watch-assets-laying-down/landscape_assets/m126710blro-0001_modelpage_laying_down_landscape.png', 36);
INSERT INTO rolex_database.images (image_id, image_url, product_id) VALUES (90, 'https://rolex.dafc.com.vn/wp-content/uploads/watch-assets-in-box/landscape_assets/m126710blro-0001_modelpage_in_box_landscape.jpg', 36);
INSERT INTO rolex_database.images (image_id, image_url, product_id) VALUES (91, 'https://rolex.dafc.com.vn/wp-content/uploads/watch-assets-front-facing/landscape_assets/m126710blnr-0003_modelpage_front_facing_landscape.png', 37);
INSERT INTO rolex_database.images (image_id, image_url, product_id) VALUES (92, 'https://rolex.dafc.com.vn/wp-content/uploads/watch-assets-laying-down/landscape_assets/m126710blnr-0003_modelpage_laying_down_landscape.png', 37);
INSERT INTO rolex_database.images (image_id, image_url, product_id) VALUES (93, 'https://rolex.dafc.com.vn/wp-content/uploads/watch-assets-in-box/landscape_assets/m126710blnr-0003_modelpage_in_box_landscape.jpg', 37);
INSERT INTO rolex_database.images (image_id, image_url, product_id) VALUES (94, 'https://rolex.dafc.com.vn/wp-content/uploads/watch-assets-front-facing/landscape_assets/m124300-0001_modelpage_front_facing_landscape.png', 38);
INSERT INTO rolex_database.images (image_id, image_url, product_id) VALUES (95, 'https://rolex.dafc.com.vn/wp-content/uploads/watch-assets-front-facing/landscape_assets/m124300-0008_modelpage_front_facing_landscape.png', 38);
INSERT INTO rolex_database.images (image_id, image_url, product_id) VALUES (96, 'https://rolex.dafc.com.vn/wp-content/uploads/watch-assets-front-facing/landscape_assets/m124300-0008_modelpage_front_facing_landscape.png', 39);
INSERT INTO rolex_database.images (image_id, image_url, product_id) VALUES (97, 'https://rolex.dafc.com.vn/wp-content/uploads/watch-assets-laying-down/landscape_assets/m124300-0008_modelpage_laying_down_landscape.png', 39);
INSERT INTO rolex_database.images (image_id, image_url, product_id) VALUES (98, 'https://rolex.dafc.com.vn/wp-content/uploads/watch-assets-front-facing/landscape_assets/m126000-0009_modelpage_front_facing_landscape.png', 40);
INSERT INTO rolex_database.images (image_id, image_url, product_id) VALUES (99, 'https://rolex.dafc.com.vn/wp-content/uploads/watch-assets-laying-down/landscape_assets/m126000-0009_modelpage_laying_down_landscape.png', 40);
INSERT INTO rolex_database.images (image_id, image_url, product_id) VALUES (100, 'https://rolex.dafc.com.vn/wp-content/uploads/watch-assets-front-facing/landscape_assets/m276200-0001_modelpage_front_facing_landscape.png', 41);
INSERT INTO rolex_database.images (image_id, image_url, product_id) VALUES (101, 'https://rolex.dafc.com.vn/wp-content/uploads/watch-assets-laying-down/landscape_assets/m276200-0001_modelpage_laying_down_landscape.png', 41);
INSERT INTO rolex_database.images (image_id, image_url, product_id) VALUES (102, 'https://rolex.dafc.com.vn/wp-content/uploads/watch-assets-laying-down/landscape_assets/m277200-0001_modelpage_laying_down_landscape.png', 42);
INSERT INTO rolex_database.images (image_id, image_url, product_id) VALUES (103, 'https://rolex.dafc.com.vn/wp-content/uploads/watch-assets-laying-down/landscape_assets/m277200-0001_modelpage_laying_down_landscape.png', 42);
INSERT INTO rolex_database.images (image_id, image_url, product_id) VALUES (104, 'https://rolex.dafc.com.vn/wp-content/uploads/watch-assets-front-facing/landscape_assets/m124200-0001_modelpage_front_facing_landscape.png', 43);
INSERT INTO rolex_database.images (image_id, image_url, product_id) VALUES (105, 'https://rolex.dafc.com.vn/wp-content/uploads/watch-assets-laying-down/landscape_assets/m124200-0001_modelpage_laying_down_landscape.png', 43);
INSERT INTO rolex_database.images (image_id, image_url, product_id) VALUES (106, 'https://rolex.dafc.com.vn/wp-content/uploads/watch-assets-front-facing/landscape_assets/m124300-0002_modelpage_front_facing_landscape.png', 44);
INSERT INTO rolex_database.images (image_id, image_url, product_id) VALUES (107, 'https://rolex.dafc.com.vn/wp-content/uploads/watch-assets-laying-down/landscape_assets/m124300-0002_modelpage_laying_down_landscape.png', 44);
INSERT INTO rolex_database.images (image_id, image_url, product_id) VALUES (108, 'https://rolex.dafc.com.vn/wp-content/uploads/watch-assets-front-facing/landscape_assets/m124200-0003_modelpage_front_facing_landscape.png', 45);
INSERT INTO rolex_database.images (image_id, image_url, product_id) VALUES (109, 'https://rolex.dafc.com.vn/wp-content/uploads/watch-assets-laying-down/landscape_assets/m124200-0003_modelpage_laying_down_landscape.png', 45);
INSERT INTO rolex_database.images (image_id, image_url, product_id) VALUES (110, 'https://rolex.dafc.com.vn/wp-content/uploads/watch-assets-laying-down/landscape_assets/m124300-0005_modelpage_laying_down_landscape.png', 46);
INSERT INTO rolex_database.images (image_id, image_url, product_id) VALUES (111, 'https://rolex.dafc.com.vn/wp-content/uploads/watch-assets-laying-down/landscape_assets/m124300-0005_modelpage_laying_down_landscape.png', 46);
INSERT INTO rolex_database.images (image_id, image_url, product_id) VALUES (112, 'https://rolex.dafc.com.vn/wp-content/uploads/watch-assets-front-facing/landscape_assets/m276200-0003_modelpage_front_facing_landscape.png', 47);
INSERT INTO rolex_database.images (image_id, image_url, product_id) VALUES (113, 'https://rolex.dafc.com.vn/wp-content/uploads/watch-assets-laying-down/landscape_assets/m276200-0003_modelpage_laying_down_landscape.png', 47);
INSERT INTO rolex_database.images (image_id, image_url, product_id) VALUES (114, 'https://rolex.dafc.com.vn/wp-content/uploads/watch-assets-front-facing/landscape_assets/m124200-0002_modelpage_front_facing_landscape.png', 48);
INSERT INTO rolex_database.images (image_id, image_url, product_id) VALUES (115, 'https://rolex.dafc.com.vn/wp-content/uploads/watch-assets-laying-down/landscape_assets/m124200-0002_modelpage_laying_down_landscape.png', 48);
INSERT INTO rolex_database.images (image_id, image_url, product_id) VALUES (116, 'https://rolex.dafc.com.vn/wp-content/uploads/watch-assets-front-facing/landscape_assets/m276200-0002_modelpage_front_facing_landscape.png', 49);
INSERT INTO rolex_database.images (image_id, image_url, product_id) VALUES (117, 'https://rolex.dafc.com.vn/wp-content/uploads/watch-assets-laying-down/landscape_assets/m276200-0002_modelpage_laying_down_landscape.png', 49);
INSERT INTO rolex_database.images (image_id, image_url, product_id) VALUES (118, 'https://rolex.dafc.com.vn/wp-content/uploads/watch-assets-front-facing/landscape_assets/m124060-0001_modelpage_front_facing_landscape.png', 50);
INSERT INTO rolex_database.images (image_id, image_url, product_id) VALUES (119, 'https://rolex.dafc.com.vn/wp-content/uploads/watch-assets-laying-down/landscape_assets/m124060-0001_modelpage_laying_down_landscape.png', 50);
INSERT INTO rolex_database.images (image_id, image_url, product_id) VALUES (120, 'https://rolex.dafc.com.vn/wp-content/uploads/watch-assets-in-box/landscape_assets/m124060-0001_modelpage_in_box_landscape.jpg', 50);
INSERT INTO rolex_database.images (image_id, image_url, product_id) VALUES (121, 'https://rolex.dafc.com.vn/wp-content/uploads/watch-assets-front-facing/landscape_assets/m126613lb-0002_modelpage_front_facing_landscape.png', 51);
INSERT INTO rolex_database.images (image_id, image_url, product_id) VALUES (122, 'https://rolex.dafc.com.vn/wp-content/uploads/watch-assets-laying-down/landscape_assets/m126613lb-0002_modelpage_laying_down_landscape.png', 51);
INSERT INTO rolex_database.images (image_id, image_url, product_id) VALUES (123, 'https://rolex.dafc.com.vn/wp-content/uploads/watch-assets-in-box/landscape_assets/m126613lb-0002_modelpage_in_box_landscape.jpg', 51);
INSERT INTO rolex_database.images (image_id, image_url, product_id) VALUES (124, 'https://rolex.dafc.com.vn/wp-content/uploads/watch-assets-front-facing/landscape_assets/m126610ln-0001_modelpage_front_facing_landscape.png', 52);
INSERT INTO rolex_database.images (image_id, image_url, product_id) VALUES (125, 'https://rolex.dafc.com.vn/wp-content/uploads/watch-assets-laying-down/landscape_assets/m126610ln-0001_modelpage_laying_down_landscape.png', 52);
INSERT INTO rolex_database.images (image_id, image_url, product_id) VALUES (126, 'https://rolex.dafc.com.vn/wp-content/uploads/watch-assets-in-box/landscape_assets/m126610ln-0001_modelpage_in_box_landscape.jpg', 52);
INSERT INTO rolex_database.images (image_id, image_url, product_id) VALUES (127, 'https://rolex.dafc.com.vn/wp-content/uploads/watch-assets-front-facing/landscape_assets/m126618lb-0002_modelpage_front_facing_landscape.png', 53);
INSERT INTO rolex_database.images (image_id, image_url, product_id) VALUES (128, 'https://rolex.dafc.com.vn/wp-content/uploads/watch-assets-laying-down/landscape_assets/m126618lb-0002_modelpage_laying_down_landscape.png', 53);
INSERT INTO rolex_database.images (image_id, image_url, product_id) VALUES (129, 'https://rolex.dafc.com.vn/wp-content/uploads/watch-assets-front-facing/landscape_assets/m126610lv-0002_modelpage_front_facing_landscape.png', 54);
INSERT INTO rolex_database.images (image_id, image_url, product_id) VALUES (130, 'https://rolex.dafc.com.vn/wp-content/uploads/watch-assets-laying-down/landscape_assets/m126610lv-0002_modelpage_laying_down_landscape.png', 54);
INSERT INTO rolex_database.images (image_id, image_url, product_id) VALUES (131, 'https://rolex.dafc.com.vn/wp-content/uploads/watch-assets-in-box/landscape_assets/m126610lv-0002_modelpage_in_box_landscape.jpg', 54);
INSERT INTO rolex_database.images (image_id, image_url, product_id) VALUES (132, 'https://rolex.dafc.com.vn/wp-content/uploads/watch-assets-front-facing/landscape_assets/m126618ln-0002_modelpage_front_facing_landscape.png', 55);
INSERT INTO rolex_database.images (image_id, image_url, product_id) VALUES (133, 'https://rolex.dafc.com.vn/wp-content/uploads/watch-assets-laying-down/landscape_assets/m126618ln-0002_modelpage_laying_down_landscape.png', 55);
INSERT INTO rolex_database.images (image_id, image_url, product_id) VALUES (134, 'https://rolex.dafc.com.vn/wp-content/uploads/watch-assets-in-box/landscape_assets/m126618ln-0002_modelpage_in_box_landscape.jpg', 55);
INSERT INTO rolex_database.images (image_id, image_url, product_id) VALUES (135, 'https://rolex.dafc.com.vn/wp-content/uploads/watch-assets-front-facing/landscape_assets/m126619lb-0003_modelpage_front_facing_landscape.png', 56);
INSERT INTO rolex_database.images (image_id, image_url, product_id) VALUES (136, 'https://rolex.dafc.com.vn/wp-content/uploads/watch-assets-laying-down/landscape_assets/m126619lb-0003_modelpage_laying_down_landscape.png', 56);
INSERT INTO rolex_database.images (image_id, image_url, product_id) VALUES (137, 'https://rolex.dafc.com.vn/wp-content/uploads/watch-assets-in-box/landscape_assets/m126619lb-0003_modelpage_in_box_landscape.jpg', 56);
INSERT INTO rolex_database.images (image_id, image_url, product_id) VALUES (138, 'https://rolex.dafc.com.vn/wp-content/uploads/watch-assets-front-facing/landscape_assets/m126613ln-0002_modelpage_front_facing_landscape.png', 57);
INSERT INTO rolex_database.images (image_id, image_url, product_id) VALUES (139, 'https://rolex.dafc.com.vn/wp-content/uploads/watch-assets-laying-down/landscape_assets/m126613ln-0002_modelpage_laying_down_landscape.png', 57);
INSERT INTO rolex_database.images (image_id, image_url, product_id) VALUES (140, 'https://rolex.dafc.com.vn/wp-content/uploads/watch-assets-front-facing/landscape_assets/m126603-0001_modelpage_front_facing_landscape.png', 58);
INSERT INTO rolex_database.images (image_id, image_url, product_id) VALUES (141, 'https://rolex.dafc.com.vn/wp-content/uploads/watch-assets-laying-down/landscape_assets/m126603-0001_modelpage_laying_down_landscape.png', 58);
INSERT INTO rolex_database.images (image_id, image_url, product_id) VALUES (142, 'https://rolex.dafc.com.vn/wp-content/uploads/watch-assets-laying-down/landscape_assets/m126603-0001_modelpage_laying_down_landscape.png', 58);
INSERT INTO rolex_database.images (image_id, image_url, product_id) VALUES (143, 'https://rolex.dafc.com.vn/wp-content/uploads/watch-assets-front-facing/landscape_assets/m136660-0003_modelpage_front_facing_landscape.png', 59);
INSERT INTO rolex_database.images (image_id, image_url, product_id) VALUES (144, 'https://rolex.dafc.com.vn/wp-content/uploads/watch-assets-laying-down/landscape_assets/m136660-0003_modelpage_laying_down_landscape.png', 59);
INSERT INTO rolex_database.images (image_id, image_url, product_id) VALUES (145, 'https://rolex.dafc.com.vn/wp-content/uploads/watch-assets-in-box/landscape_assets/m136660-0003_modelpage_in_box_landscape.jpg', 59);
INSERT INTO rolex_database.images (image_id, image_url, product_id) VALUES (146, 'https://rolex.dafc.com.vn/wp-content/uploads/watch-assets-front-facing/landscape_assets/m126600-0002_modelpage_front_facing_landscape.png', 60);
INSERT INTO rolex_database.images (image_id, image_url, product_id) VALUES (147, 'https://rolex.dafc.com.vn/wp-content/uploads/watch-assets-laying-down/landscape_assets/m126600-0002_modelpage_laying_down_landscape.png', 60);
INSERT INTO rolex_database.images (image_id, image_url, product_id) VALUES (148, 'https://rolex.dafc.com.vn/wp-content/uploads/watch-assets-in-box/landscape_assets/m126600-0002_modelpage_in_box_landscape.jpg', 60);
INSERT INTO rolex_database.images (image_id, image_url, product_id) VALUES (149, 'https://rolex.dafc.com.vn/wp-content/uploads/watch-assets-front-facing/landscape_assets/m136660-0004_modelpage_front_facing_landscape.png', 61);
INSERT INTO rolex_database.images (image_id, image_url, product_id) VALUES (150, 'https://rolex.dafc.com.vn/wp-content/uploads/watch-assets-laying-down/landscape_assets/m136660-0004_modelpage_laying_down_landscape.png', 61);
INSERT INTO rolex_database.images (image_id, image_url, product_id) VALUES (151, 'https://rolex.dafc.com.vn/wp-content/uploads/watch-assets-in-box/landscape_assets/m136660-0004_modelpage_in_box_landscape.jpg', 61);
INSERT INTO rolex_database.images (image_id, image_url, product_id) VALUES (152, 'https://rolex.dafc.com.vn/wp-content/uploads/watch-assets-front-facing/landscape_assets/m52508-0006_modelpage_front_facing_landscape.png', 62);
INSERT INTO rolex_database.images (image_id, image_url, product_id) VALUES (153, 'https://rolex.dafc.com.vn/wp-content/uploads/watch-assets-front-facing/landscape_assets/m52508-0002_modelpage_front_facing_landscape.png', 62);
INSERT INTO rolex_database.images (image_id, image_url, product_id) VALUES (154, 'https://rolex.dafc.com.vn/wp-content/uploads/watch-assets-front-facing/landscape_assets/m52508-0002_modelpage_front_facing_landscape.png', 63);
INSERT INTO rolex_database.images (image_id, image_url, product_id) VALUES (155, 'https://rolex.dafc.com.vn/wp-content/uploads/watch-assets-laying-down/landscape_assets/m52508-0002_modelpage_laying_down_landscape.png', 63);
INSERT INTO rolex_database.images (image_id, image_url, product_id) VALUES (156, 'https://rolex.dafc.com.vn/wp-content/uploads/watch-assets-front-facing/landscape_assets/m52509-0002_modelpage_front_facing_landscape.png', 64);
INSERT INTO rolex_database.images (image_id, image_url, product_id) VALUES (157, 'https://rolex.dafc.com.vn/wp-content/uploads/watch-assets-laying-down/landscape_assets/m52509-0002_modelpage_laying_down_landscape.png', 64);
INSERT INTO rolex_database.images (image_id, image_url, product_id) VALUES (158, 'https://rolex.dafc.com.vn/wp-content/uploads/watch-assets-front-facing/landscape_assets/m52509-0006_modelpage_front_facing_landscape.png', 65);
INSERT INTO rolex_database.images (image_id, image_url, product_id) VALUES (159, 'https://rolex.dafc.com.vn/wp-content/uploads/watch-assets-laying-down/landscape_assets/m52509-0006_modelpage_laying_down_landscape.png', 65);
INSERT INTO rolex_database.images (image_id, image_url, product_id) VALUES (160, 'https://rolex.dafc.com.vn/wp-content/uploads/watch-assets-front-facing/landscape_assets/m336239-0002_modelpage_front_facing_landscape.png', 66);
INSERT INTO rolex_database.images (image_id, image_url, product_id) VALUES (161, 'https://rolex.dafc.com.vn/wp-content/uploads/watch-assets-laying-down/landscape_assets/m336239-0002_modelpage_laying_down_landscape.png', 66);
INSERT INTO rolex_database.images (image_id, image_url, product_id) VALUES (162, 'https://rolex.dafc.com.vn/wp-content/uploads/watch-assets-front-facing/landscape_assets/m336934-0004_modelpage_front_facing_landscape.png', 67);
INSERT INTO rolex_database.images (image_id, image_url, product_id) VALUES (163, 'https://rolex.dafc.com.vn/wp-content/uploads/watch-assets-laying-down/landscape_assets/m336934-0004_modelpage_laying_down_landscape.png', 67);
INSERT INTO rolex_database.images (image_id, image_url, product_id) VALUES (164, 'https://rolex.dafc.com.vn/wp-content/uploads/watch-assets-front-facing/landscape_assets/m336933-0001_modelpage_front_facing_landscape.png', 68);
INSERT INTO rolex_database.images (image_id, image_url, product_id) VALUES (165, 'https://rolex.dafc.com.vn/wp-content/uploads/watch-assets-laying-down/landscape_assets/m336933-0001_modelpage_laying_down_landscape.png', 68);
INSERT INTO rolex_database.images (image_id, image_url, product_id) VALUES (166, 'https://rolex.dafc.com.vn/wp-content/uploads/watch-assets-front-facing/landscape_assets/m336235-0003_modelpage_front_facing_landscape.png', 69);
INSERT INTO rolex_database.images (image_id, image_url, product_id) VALUES (167, 'https://rolex.dafc.com.vn/wp-content/uploads/watch-assets-laying-down/landscape_assets/m336235-0003_modelpage_laying_down_landscape.png', 69);
INSERT INTO rolex_database.images (image_id, image_url, product_id) VALUES (168, 'https://rolex.dafc.com.vn/wp-content/uploads/watch-assets-front-facing/landscape_assets/m336935-0001_modelpage_front_facing_landscape.png', 70);
INSERT INTO rolex_database.images (image_id, image_url, product_id) VALUES (169, 'https://rolex.dafc.com.vn/wp-content/uploads/watch-assets-front-facing/landscape_assets/m336238-0002_modelpage_front_facing_landscape.png', 70);
INSERT INTO rolex_database.images (image_id, image_url, product_id) VALUES (170, 'https://rolex.dafc.com.vn/wp-content/uploads/watch-assets-front-facing/landscape_assets/m336238-0002_modelpage_front_facing_landscape.png', 71);
INSERT INTO rolex_database.images (image_id, image_url, product_id) VALUES (171, 'https://rolex.dafc.com.vn/wp-content/uploads/watch-assets-laying-down/landscape_assets/m336238-0002_modelpage_laying_down_landscape.png', 71);
INSERT INTO rolex_database.images (image_id, image_url, product_id) VALUES (172, 'https://rolex.dafc.com.vn/wp-content/uploads/watch-assets-front-facing/landscape_assets/m336938-0003_modelpage_front_facing_landscape.png', 72);
INSERT INTO rolex_database.images (image_id, image_url, product_id) VALUES (173, 'https://rolex.dafc.com.vn/wp-content/uploads/watch-assets-laying-down/landscape_assets/m336938-0003_modelpage_laying_down_landscape.png', 72);
INSERT INTO rolex_database.images (image_id, image_url, product_id) VALUES (174, 'https://rolex.dafc.com.vn/wp-content/uploads/watch-assets-front-facing/landscape_assets/m336933-0004_modelpage_front_facing_landscape.png', 73);
INSERT INTO rolex_database.images (image_id, image_url, product_id) VALUES (175, 'https://rolex.dafc.com.vn/wp-content/uploads/watch-assets-laying-down/landscape_assets/m336933-0004_modelpage_laying_down_landscape.png', 73);
INSERT INTO rolex_database.images (image_id, image_url, product_id) VALUES (176, 'https://rolex.dafc.com.vn/wp-content/uploads/watch-assets-front-facing/landscape_assets/m336934-0001_modelpage_front_facing_landscape.png', 74);
INSERT INTO rolex_database.images (image_id, image_url, product_id) VALUES (177, 'https://rolex.dafc.com.vn/wp-content/uploads/watch-assets-laying-down/landscape_assets/m336934-0001_modelpage_laying_down_landscape.png', 74);
INSERT INTO rolex_database.images (image_id, image_url, product_id) VALUES (178, 'https://rolex.dafc.com.vn/wp-content/uploads/watch-assets-front-facing/landscape_assets/m226627-0001_modelpage_front_facing_landscape.png', 75);
INSERT INTO rolex_database.images (image_id, image_url, product_id) VALUES (179, 'https://rolex.dafc.com.vn/wp-content/uploads/watch-assets-laying-down/landscape_assets/m226627-0001_modelpage_laying_down_landscape.png', 75);
INSERT INTO rolex_database.images (image_id, image_url, product_id) VALUES (180, 'https://rolex.dafc.com.vn/wp-content/uploads/watch-assets-front-facing/landscape_assets/m116688-0002_modelpage_front_facing_landscape.png', 76);
INSERT INTO rolex_database.images (image_id, image_url, product_id) VALUES (181, 'https://rolex.dafc.com.vn/wp-content/uploads/watch-assets-laying-down/landscape_assets/m116688-0002_modelpage_laying_down_landscape.png', 76);
INSERT INTO rolex_database.images (image_id, image_url, product_id) VALUES (182, 'https://rolex.dafc.com.vn/wp-content/uploads/watch-assets-in-box/landscape_assets/m116688-0002_modelpage_in_box_landscape.jpg', 77);
INSERT INTO rolex_database.images (image_id, image_url, product_id) VALUES (183, 'https://rolex.dafc.com.vn/wp-content/uploads/watch-assets-front-facing/landscape_assets/m268622-0002_modelpage_front_facing_landscape.png', 77);
INSERT INTO rolex_database.images (image_id, image_url, product_id) VALUES (184, 'https://rolex.dafc.com.vn/wp-content/uploads/watch-assets-laying-down/landscape_assets/m268622-0002_modelpage_laying_down_landscape.png', 77);
INSERT INTO rolex_database.images (image_id, image_url, product_id) VALUES (185, 'https://rolex.dafc.com.vn/wp-content/uploads/watch-assets-front-facing/landscape_assets/m268621-0003_modelpage_front_facing_landscape.png', 78);
INSERT INTO rolex_database.images (image_id, image_url, product_id) VALUES (186, 'https://rolex.dafc.com.vn/wp-content/uploads/watch-assets-laying-down/landscape_assets/m268621-0003_modelpage_laying_down_landscape.png', 78);
INSERT INTO rolex_database.images (image_id, image_url, product_id) VALUES (187, 'https://rolex.dafc.com.vn/wp-content/uploads/watch-assets-in-box/landscape_assets/m268621-0003_modelpage_in_box_landscape.jpg', 78);
INSERT INTO rolex_database.images (image_id, image_url, product_id) VALUES (188, 'https://rolex.dafc.com.vn/wp-content/uploads/watch-assets-front-facing/landscape_assets/m268655-0019_modelpage_front_facing_landscape.png', 79);
INSERT INTO rolex_database.images (image_id, image_url, product_id) VALUES (189, 'https://rolex.dafc.com.vn/wp-content/uploads/watch-assets-front-facing/landscape_assets/m268655-0019_modelpage_front_facing_landscape.png', 79);
INSERT INTO rolex_database.images (image_id, image_url, product_id) VALUES (190, 'https://rolex.dafc.com.vn/wp-content/uploads/watch-assets-in-box/landscape_assets/m268655-0019_modelpage_in_box_landscape.jpg', 79);
INSERT INTO rolex_database.images (image_id, image_url, product_id) VALUES (191, 'https://rolex.dafc.com.vn/wp-content/uploads/watch-assets-front-facing/landscape_assets/m126622-0001_modelpage_front_facing_landscape.png', 80);
INSERT INTO rolex_database.images (image_id, image_url, product_id) VALUES (192, 'https://rolex.dafc.com.vn/wp-content/uploads/watch-assets-laying-down/landscape_assets/m126622-0001_modelpage_laying_down_landscape.png', 80);
INSERT INTO rolex_database.images (image_id, image_url, product_id) VALUES (193, 'https://rolex.dafc.com.vn/wp-content/uploads/watch-assets-in-box/landscape_assets/m126622-0001_modelpage_in_box_landscape.jpg', 80);
INSERT INTO rolex_database.images (image_id, image_url, product_id) VALUES (194, 'https://rolex.dafc.com.vn/wp-content/uploads/watch-assets-front-facing/landscape_assets/m126621-0001_modelpage_front_facing_landscape.png', 81);
INSERT INTO rolex_database.images (image_id, image_url, product_id) VALUES (195, 'https://rolex.dafc.com.vn/wp-content/uploads/watch-assets-laying-down/landscape_assets/m126621-0001_modelpage_laying_down_landscape.png', 81);
INSERT INTO rolex_database.images (image_id, image_url, product_id) VALUES (196, 'https://rolex.dafc.com.vn/wp-content/uploads/watch-assets-in-box/landscape_assets/m126621-0001_modelpage_in_box_landscape.jpg', 81);
INSERT INTO rolex_database.images (image_id, image_url, product_id) VALUES (197, 'https://rolex.dafc.com.vn/wp-content/uploads/watch-assets-front-facing/landscape_assets/m226658-0001_modelpage_front_facing_landscape.png', 82);
INSERT INTO rolex_database.images (image_id, image_url, product_id) VALUES (198, 'https://rolex.dafc.com.vn/wp-content/uploads/watch-assets-laying-down/landscape_assets/m226658-0001_modelpage_laying_down_landscape.png', 82);
INSERT INTO rolex_database.images (image_id, image_url, product_id) VALUES (199, 'https://rolex.dafc.com.vn/wp-content/uploads/watch-assets-in-box/landscape_assets/m226658-0001_modelpage_in_box_landscape.jpg', 82);
INSERT INTO rolex_database.images (image_id, image_url, product_id) VALUES (200, 'https://rolex.dafc.com.vn/wp-content/uploads/watch-assets-front-facing/landscape_assets/m126655-0002_modelpage_front_facing_landscape.png', 83);
INSERT INTO rolex_database.images (image_id, image_url, product_id) VALUES (201, 'https://rolex.dafc.com.vn/wp-content/uploads/watch-assets-laying-down/landscape_assets/m126655-0002_modelpage_laying_down_landscape.png', 83);
INSERT INTO rolex_database.images (image_id, image_url, product_id) VALUES (202, 'https://rolex.dafc.com.vn/wp-content/uploads/watch-assets-in-box/landscape_assets/m126655-0002_modelpage_in_box_landscape.jpg', 83);
INSERT INTO rolex_database.images (image_id, image_url, product_id) VALUES (203, 'https://rolex.dafc.com.vn/wp-content/uploads/watch-assets-front-facing/landscape_assets/m226659-0004_modelpage_front_facing_landscape.png', 84);
INSERT INTO rolex_database.images (image_id, image_url, product_id) VALUES (204, 'https://rolex.dafc.com.vn/wp-content/uploads/watch-assets-laying-down/landscape_assets/m226659-0004_modelpage_laying_down_landscape.png', 84);
INSERT INTO rolex_database.images (image_id, image_url, product_id) VALUES (205, 'https://rolex.dafc.com.vn/wp-content/uploads/watch-assets-in-box/landscape_assets/m226659-0004_modelpage_in_box_landscape.jpg', 84);
INSERT INTO rolex_database.images (image_id, image_url, product_id) VALUES (206, 'https://rolex.dafc.com.vn/wp-content/uploads/watch-assets-front-facing/landscape_assets/m116681-0002_modelpage_front_facing_landscape.png', 85);
INSERT INTO rolex_database.images (image_id, image_url, product_id) VALUES (207, 'https://rolex.dafc.com.vn/wp-content/uploads/watch-assets-laying-down/landscape_assets/m116681-0002_modelpage_laying_down_landscape.png', 85);
INSERT INTO rolex_database.images (image_id, image_url, product_id) VALUES (208, 'https://rolex.dafc.com.vn/wp-content/uploads/watch-assets-in-box/landscape_assets/m116681-0002_modelpage_in_box_landscape.jpg', 85);
INSERT INTO rolex_database.images (image_id, image_url, product_id) VALUES (209, 'https://rolex.dafc.com.vn/wp-content/uploads/watch-assets-front-facing/landscape_assets/m116680-0002_modelpage_front_facing_landscape.png', 86);
INSERT INTO rolex_database.images (image_id, image_url, product_id) VALUES (210, 'https://rolex.dafc.com.vn/wp-content/uploads/watch-assets-laying-down/landscape_assets/m116680-0002_modelpage_laying_down_landscape.png', 86);
INSERT INTO rolex_database.images (image_id, image_url, product_id) VALUES (211, 'https://rolex.dafc.com.vn/wp-content/uploads/watch-assets-in-box/landscape_assets/m116680-0002_modelpage_in_box_landscape.jpg', 86);
INSERT INTO rolex_database.images (image_id, image_url, product_id) VALUES (212, 'https://rolex.dafc.com.vn/wp-content/uploads/watch-assets-front-facing/landscape_assets/m226659-0002_modelpage_front_facing_landscape.png', 87);
INSERT INTO rolex_database.images (image_id, image_url, product_id) VALUES (213, 'https://rolex.dafc.com.vn/wp-content/uploads/watch-assets-laying-down/landscape_assets/m226659-0002_modelpage_laying_down_landscape.png', 87);
INSERT INTO rolex_database.images (image_id, image_url, product_id) VALUES (214, 'https://rolex.dafc.com.vn/wp-content/uploads/watch-assets-in-box/landscape_assets/m226659-0002_modelpage_in_box_landscape.jpg', 87);



INSERT INTO `role` (`id_role`, `name_role`) VALUES ('1', 'ROLE_ADMIN');
INSERT INTO `role` (`id_role`, `name_role`) VALUES ('2', 'ROLE_USER');

INSERT INTO `account` (`id_account`, `username`, `passwords`, `id_role`) VALUES ('1', 'tuankiett2309@gmail.com', '$2a$12$MqKbIIBUciekC9S9A3njG.wa4R6.Q0/rFAH1lxfOqpQMXte4h4Zj2', '1');
INSERT INTO `account` (`id_account`, `username`, `passwords`, `id_role`) VALUES ('2', 'ngocnga@gmail.com', '$2a$12$MqKbIIBUciekC9S9A3njG.wa4R6.Q0/rFAH1lxfOqpQMXte4h4Zj2', '2');
INSERT INTO rolex_database.account (id_account, passwords, username, id_role) VALUES (3, '$2a$12$MqKbIIBUciekC9S9A3njG.wa4R6.Q0/rFAH1lxfOqpQMXte4h4Zj2', 'nam@gmail.com', 2);
INSERT INTO rolex_database.account (id_account, passwords, username, id_role) VALUES (4, '$2a$12$MqKbIIBUciekC9S9A3njG.wa4R6.Q0/rFAH1lxfOqpQMXte4h4Zj2', 'hung@gmail.com', 2);
INSERT INTO rolex_database.account (id_account, passwords, username, id_role) VALUES (5, '$2a$12$MqKbIIBUciekC9S9A3njG.wa4R6.Q0/rFAH1lxfOqpQMXte4h4Zj2', 'thai@gmail.com', 2);


INSERT INTO rolex_database.user (user_id, address, date_of_birth, email, gender, name_user, phone_number, id_account) VALUES (1, 'Pleiku - Gia Lai', '1996-07-09', 'tuankiett2309@gmail.com', false, 'Nguyễn Tuấn Kiệt', '0965702079', 1);
INSERT INTO rolex_database.user (user_id, address, date_of_birth, email, gender, name_user, phone_number, id_account) VALUES (2, 'Phù Đổng - Gia Lai', '1999-03-31', 'ngocnga@gmail.com', true, 'Ngọc Nga', '0965922279', 2);
INSERT INTO rolex_database.user (user_id, address, date_of_birth, email, gender, name_user, phone_number, id_account) VALUES (3, 'Thanh Chương - Nghệ An', '1999-03-31', 'nam@gmail.com', true, 'Nam', '09657652269', 3);
INSERT INTO rolex_database.user (user_id, address, date_of_birth, email, gender, name_user, phone_number, id_account) VALUES (4, 'Ngũ Hành Sơn - Đà Nẵng', '1999-03-31', 'hung@gmail.com', true, 'Hung', '093592721', 4);
INSERT INTO rolex_database.user (user_id, address, date_of_birth, email, gender, name_user, phone_number, id_account) VALUES (5, 'Duy Xuyên - Quảng Nam', '1999-03-31', 'thai@gmail.com', true, 'Thai', '0905031211', 5);

select * from `user` u
join `account` a on u.id_account = a.id_account
where a.id_account = 2;

select * from product p
join category c on c.category_id = p.category_id
where  p.quantity =2;

select * from category
where category_id = 1;
select * from product p join category c on c.category_id = p.category_id where p.quantity>0 and c.category_name like '%Day-Date%';
select * from product p
join type_product tp on tp.type_id = p.type_id
where p.type_id = 1;

select * from product p
where p.product_id = 1;

SELECT * from product p
join type_product tp on tp.type_id = p.type_id
join category c on c.category_id = p.category_id
where c.category_id =2 and tp.type_id = 1 and p.material like "vàng Everose" and p.size < 28;

				SELECT * FROM product p
                JOIN category c ON p.category_id = c.category_id 
				JOIN type_product tp ON p.type_id = tp.type_id
                WHERE p.quantity > 0  
                AND c.category_name like '%Rolex DateJust%'
                AND tp.type_name like '%nam%'
                AND p.material like '%Oystersteel và vàng%';
              
                SELECT * FROM product p
                JOIN category c ON p.category_id = c.category_id 
				JOIN type_product tp ON p.type_id = tp.type_id
                WHERE p.quantity > 0 
                AND c.category_name like '%%'
                AND tp.type_name like '%%'
                AND p.material like '%%'
                AND p.size BETWEEN 35 AND 40;
                
                SELECT * FROM product p
                JOIN category c ON p.category_id = c.category_id 
				JOIN type_product tp ON p.type_id = tp.type_id
                WHERE p.quantity > 0
                AND c.category_name like '%%'
                AND tp.type_name like '%%'
                AND p.material like '%%'
                AND p.size BETWEEN 41 AND 44;
                
				SELECT * FROM product p
                JOIN category c ON p.category_id = c.category_id 
				JOIN type_product tp ON p.type_id = tp.type_id
                WHERE p.quantity > 0
                AND c.category_name like '%%'
                AND tp.type_name like '%%'
                AND p.material like '%%'
                order by p.price ASc;


SELECT * FROM product p 
              JOIN category c ON p.category_id = c.category_id 
          JOIN type_product tp ON p.type_id = tp.type_id 
                 WHERE p.quantity > 0 
             AND c.category_name like '%%'
        AND tp.type_name like '%%'
                AND p.material like '%kim cuong%';
                
                SELECT * FROM order_details od
                join orders o on od.order_id =o.order_id
                join product p on p.product_id = od.product_id
                where o.order_id = 8;
                
                select * from orders o
                join `user` u on o.user_id = u.user_id
                join order_details od on o.order_id =od.order_id
                join product p on od.product_id = p.product_id
                where  u.user_id = 2
                order by o.date_order;